[
  {
    "login": "vsavkin",
    "id": 35996,
    "avatar_url": "https://avatars.githubusercontent.com/u/35996?v=3",
    "gravatar_id": "",
    "url": "https://api.github.com/users/vsavkin",
    "html_url": "https://github.com/vsavkin",
    "followers_url": "https://api.github.com/users/vsavkin/followers",
    "following_url": "https://api.github.com/users/vsavkin/following{/other_user}",
    "gists_url": "https://api.github.com/users/vsavkin/gists{/gist_id}",
    "starred_url": "https://api.github.com/users/vsavkin/starred{/owner}{/repo}",
    "subscriptions_url": "https://api.github.com/users/vsavkin/subscriptions",
    "organizations_url": "https://api.github.com/users/vsavkin/orgs",
    "repos_url": "https://api.github.com/users/vsavkin/repos",
    "events_url": "https://api.github.com/users/vsavkin/events{/privacy}",
    "received_events_url": "https://api.github.com/users/vsavkin/received_events",
    "type": "User",
    "site_admin": false,
    "contributions": 475
  },
  {
    "login": "tbosch",
    "id": 690815,
    "avatar_url": "https://avatars.githubusercontent.com/u/690815?v=3",
    "gravatar_id": "",
    "url": "https://api.github.com/users/tbosch",
    "html_url": "https://github.com/tbosch",
    "followers_url": "https://api.github.com/users/tbosch/followers",
    "following_url": "https://api.github.com/users/tbosch/following{/other_user}",
    "gists_url": "https://api.github.com/users/tbosch/gists{/gist_id}",
    "starred_url": "https://api.github.com/users/tbosch/starred{/owner}{/repo}",
    "subscriptions_url": "https://api.github.com/users/tbosch/subscriptions",
    "organizations_url": "https://api.github.com/users/tbosch/orgs",
    "repos_url": "https://api.github.com/users/tbosch/repos",
    "events_url": "https://api.github.com/users/tbosch/events{/privacy}",
    "received_events_url": "https://api.github.com/users/tbosch/received_events",
    "type": "User",
    "site_admin": false,
    "contributions": 299
  },
  {
    "login": "vicb",
    "id": 248818,
    "avatar_url": "https://avatars.githubusercontent.com/u/248818?v=3",
    "gravatar_id": "",
    "url": "https://api.github.com/users/vicb",
    "html_url": "https://github.com/vicb",
    "followers_url": "https://api.github.com/users/vicb/followers",
    "following_url": "https://api.github.com/users/vicb/following{/other_user}",
    "gists_url": "https://api.github.com/users/vicb/gists{/gist_id}",
    "starred_url": "https://api.github.com/users/vicb/starred{/owner}{/repo}",
    "subscriptions_url": "https://api.github.com/users/vicb/subscriptions",
    "organizations_url": "https://api.github.com/users/vicb/orgs",
    "repos_url": "https://api.github.com/users/vicb/repos",
    "events_url": "https://api.github.com/users/vicb/events{/privacy}",
    "received_events_url": "https://api.github.com/users/vicb/received_events",
    "type": "User",
    "site_admin": false,
    "contributions": 283
  },
  {
    "login": "kegluneq",
    "id": 613610,
    "avatar_url": "https://avatars.githubusercontent.com/u/613610?v=3",
    "gravatar_id": "",
    "url": "https://api.github.com/users/kegluneq",
    "html_url": "https://github.com/kegluneq",
    "followers_url": "https://api.github.com/users/kegluneq/followers",
    "following_url": "https://api.github.com/users/kegluneq/following{/other_user}",
    "gists_url": "https://api.github.com/users/kegluneq/gists{/gist_id}",
    "starred_url": "https://api.github.com/users/kegluneq/starred{/owner}{/repo}",
    "subscriptions_url": "https://api.github.com/users/kegluneq/subscriptions",
    "organizations_url": "https://api.github.com/users/kegluneq/orgs",
    "repos_url": "https://api.github.com/users/kegluneq/repos",
    "events_url": "https://api.github.com/users/kegluneq/events{/privacy}",
    "received_events_url": "https://api.github.com/users/kegluneq/received_events",
    "type": "User",
    "site_admin": false,
    "contributions": 174
  },
  {
    "login": "IgorMinar",
    "id": 216296,
    "avatar_url": "https://avatars.githubusercontent.com/u/216296?v=3",
    "gravatar_id": "",
    "url": "https://api.github.com/users/IgorMinar",
    "html_url": "https://github.com/IgorMinar",
    "followers_url": "https://api.github.com/users/IgorMinar/followers",
    "following_url": "https://api.github.com/users/IgorMinar/following{/other_user}",
    "gists_url": "https://api.github.com/users/IgorMinar/gists{/gist_id}",
    "starred_url": "https://api.github.com/users/IgorMinar/starred{/owner}{/repo}",
    "subscriptions_url": "https://api.github.com/users/IgorMinar/subscriptions",
    "organizations_url": "https://api.github.com/users/IgorMinar/orgs",
    "repos_url": "https://api.github.com/users/IgorMinar/repos",
    "events_url": "https://api.github.com/users/IgorMinar/events{/privacy}",
    "received_events_url": "https://api.github.com/users/IgorMinar/received_events",
    "type": "User",
    "site_admin": false,
    "contributions": 168
  },
  {
    "login": "mhevery",
    "id": 111951,
    "avatar_url": "https://avatars.githubusercontent.com/u/111951?v=3",
    "gravatar_id": "",
    "url": "https://api.github.com/users/mhevery",
    "html_url": "https://github.com/mhevery",
    "followers_url": "https://api.github.com/users/mhevery/followers",
    "following_url": "https://api.github.com/users/mhevery/following{/other_user}",
    "gists_url": "https://api.github.com/users/mhevery/gists{/gist_id}",
    "starred_url": "https://api.github.com/users/mhevery/starred{/owner}{/repo}",
    "subscriptions_url": "https://api.github.com/users/mhevery/subscriptions",
    "organizations_url": "https://api.github.com/users/mhevery/orgs",
    "repos_url": "https://api.github.com/users/mhevery/repos",
    "events_url": "https://api.github.com/users/mhevery/events{/privacy}",
    "received_events_url": "https://api.github.com/users/mhevery/received_events",
    "type": "User",
    "site_admin": false,
    "contributions": 151
  },
  {
    "login": "pkozlowski-opensource",
    "id": 973550,
    "avatar_url": "https://avatars.githubusercontent.com/u/973550?v=3",
    "gravatar_id": "",
    "url": "https://api.github.com/users/pkozlowski-opensource",
    "html_url": "https://github.com/pkozlowski-opensource",
    "followers_url": "https://api.github.com/users/pkozlowski-opensource/followers",
    "following_url": "https://api.github.com/users/pkozlowski-opensource/following{/other_user}",
    "gists_url": "https://api.github.com/users/pkozlowski-opensource/gists{/gist_id}",
    "starred_url": "https://api.github.com/users/pkozlowski-opensource/starred{/owner}{/repo}",
    "subscriptions_url": "https://api.github.com/users/pkozlowski-opensource/subscriptions",
    "organizations_url": "https://api.github.com/users/pkozlowski-opensource/orgs",
    "repos_url": "https://api.github.com/users/pkozlowski-opensource/repos",
    "events_url": "https://api.github.com/users/pkozlowski-opensource/events{/privacy}",
    "received_events_url": "https://api.github.com/users/pkozlowski-opensource/received_events",
    "type": "User",
    "site_admin": false,
    "contributions": 129
  },
  {
    "login": "petebacondarwin",
    "id": 15655,
    "avatar_url": "https://avatars.githubusercontent.com/u/15655?v=3",
    "gravatar_id": "",
    "url": "https://api.github.com/users/petebacondarwin",
    "html_url": "https://github.com/petebacondarwin",
    "followers_url": "https://api.github.com/users/petebacondarwin/followers",
    "following_url": "https://api.github.com/users/petebacondarwin/following{/other_user}",
    "gists_url": "https://api.github.com/users/petebacondarwin/gists{/gist_id}",
    "starred_url": "https://api.github.com/users/petebacondarwin/starred{/owner}{/repo}",
    "subscriptions_url": "https://api.github.com/users/petebacondarwin/subscriptions",
    "organizations_url": "https://api.github.com/users/petebacondarwin/orgs",
    "repos_url": "https://api.github.com/users/petebacondarwin/repos",
    "events_url": "https://api.github.com/users/petebacondarwin/events{/privacy}",
    "received_events_url": "https://api.github.com/users/petebacondarwin/received_events",
    "type": "User",
    "site_admin": false,
    "contributions": 127
  },
  {
    "login": "mlaval",
    "id": 2316643,
    "avatar_url": "https://avatars.githubusercontent.com/u/2316643?v=3",
    "gravatar_id": "",
    "url": "https://api.github.com/users/mlaval",
    "html_url": "https://github.com/mlaval",
    "followers_url": "https://api.github.com/users/mlaval/followers",
    "following_url": "https://api.github.com/users/mlaval/following{/other_user}",
    "gists_url": "https://api.github.com/users/mlaval/gists{/gist_id}",
    "starred_url": "https://api.github.com/users/mlaval/starred{/owner}{/repo}",
    "subscriptions_url": "https://api.github.com/users/mlaval/subscriptions",
    "organizations_url": "https://api.github.com/users/mlaval/orgs",
    "repos_url": "https://api.github.com/users/mlaval/repos",
    "events_url": "https://api.github.com/users/mlaval/events{/privacy}",
    "received_events_url": "https://api.github.com/users/mlaval/received_events",
    "type": "User",
    "site_admin": false,
    "contributions": 126
  },
  {
    "login": "btford",
    "id": 474988,
    "avatar_url": "https://avatars.githubusercontent.com/u/474988?v=3",
    "gravatar_id": "",
    "url": "https://api.github.com/users/btford",
    "html_url": "https://github.com/btford",
    "followers_url": "https://api.github.com/users/btford/followers",
    "following_url": "https://api.github.com/users/btford/following{/other_user}",
    "gists_url": "https://api.github.com/users/btford/gists{/gist_id}",
    "starred_url": "https://api.github.com/users/btford/starred{/owner}{/repo}",
    "subscriptions_url": "https://api.github.com/users/btford/subscriptions",
    "organizations_url": "https://api.github.com/users/btford/orgs",
    "repos_url": "https://api.github.com/users/btford/repos",
    "events_url": "https://api.github.com/users/btford/events{/privacy}",
    "received_events_url": "https://api.github.com/users/btford/received_events",
    "type": "User",
    "site_admin": false,
    "contributions": 125
  },
  {
    "login": "alexeagle",
    "id": 47395,
    "avatar_url": "https://avatars.githubusercontent.com/u/47395?v=3",
    "gravatar_id": "",
    "url": "https://api.github.com/users/alexeagle",
    "html_url": "https://github.com/alexeagle",
    "followers_url": "https://api.github.com/users/alexeagle/followers",
    "following_url": "https://api.github.com/users/alexeagle/following{/other_user}",
    "gists_url": "https://api.github.com/users/alexeagle/gists{/gist_id}",
    "starred_url": "https://api.github.com/users/alexeagle/starred{/owner}{/repo}",
    "subscriptions_url": "https://api.github.com/users/alexeagle/subscriptions",
    "organizations_url": "https://api.github.com/users/alexeagle/orgs",
    "repos_url": "https://api.github.com/users/alexeagle/repos",
    "events_url": "https://api.github.com/users/alexeagle/events{/privacy}",
    "received_events_url": "https://api.github.com/users/alexeagle/received_events",
    "type": "User",
    "site_admin": false,
    "contributions": 123
  },
  {
    "login": "yjbanov",
    "id": 211513,
    "avatar_url": "https://avatars.githubusercontent.com/u/211513?v=3",
    "gravatar_id": "",
    "url": "https://api.github.com/users/yjbanov",
    "html_url": "https://github.com/yjbanov",
    "followers_url": "https://api.github.com/users/yjbanov/followers",
    "following_url": "https://api.github.com/users/yjbanov/following{/other_user}",
    "gists_url": "https://api.github.com/users/yjbanov/gists{/gist_id}",
    "starred_url": "https://api.github.com/users/yjbanov/starred{/owner}{/repo}",
    "subscriptions_url": "https://api.github.com/users/yjbanov/subscriptions",
    "organizations_url": "https://api.github.com/users/yjbanov/orgs",
    "repos_url": "https://api.github.com/users/yjbanov/repos",
    "events_url": "https://api.github.com/users/yjbanov/events{/privacy}",
    "received_events_url": "https://api.github.com/users/yjbanov/received_events",
    "type": "User",
    "site_admin": false,
    "contributions": 115
  },
  {
    "login": "rkirov",
    "id": 95713,
    "avatar_url": "https://avatars.githubusercontent.com/u/95713?v=3",
    "gravatar_id": "",
    "url": "https://api.github.com/users/rkirov",
    "html_url": "https://github.com/rkirov",
    "followers_url": "https://api.github.com/users/rkirov/followers",
    "following_url": "https://api.github.com/users/rkirov/following{/other_user}",
    "gists_url": "https://api.github.com/users/rkirov/gists{/gist_id}",
    "starred_url": "https://api.github.com/users/rkirov/starred{/owner}{/repo}",
    "subscriptions_url": "https://api.github.com/users/rkirov/subscriptions",
    "organizations_url": "https://api.github.com/users/rkirov/orgs",
    "repos_url": "https://api.github.com/users/rkirov/repos",
    "events_url": "https://api.github.com/users/rkirov/events{/privacy}",
    "received_events_url": "https://api.github.com/users/rkirov/received_events",
    "type": "User",
    "site_admin": false,
    "contributions": 101
  },
  {
    "login": "jeffbcross",
    "id": 463703,
    "avatar_url": "https://avatars.githubusercontent.com/u/463703?v=3",
    "gravatar_id": "",
    "url": "https://api.github.com/users/jeffbcross",
    "html_url": "https://github.com/jeffbcross",
    "followers_url": "https://api.github.com/users/jeffbcross/followers",
    "following_url": "https://api.github.com/users/jeffbcross/following{/other_user}",
    "gists_url": "https://api.github.com/users/jeffbcross/gists{/gist_id}",
    "starred_url": "https://api.github.com/users/jeffbcross/starred{/owner}{/repo}",
    "subscriptions_url": "https://api.github.com/users/jeffbcross/subscriptions",
    "organizations_url": "https://api.github.com/users/jeffbcross/orgs",
    "repos_url": "https://api.github.com/users/jeffbcross/repos",
    "events_url": "https://api.github.com/users/jeffbcross/events{/privacy}",
    "received_events_url": "https://api.github.com/users/jeffbcross/received_events",
    "type": "User",
    "site_admin": false,
    "contributions": 84
  },
  {
    "login": "mprobst",
    "id": 7208,
    "avatar_url": "https://avatars.githubusercontent.com/u/7208?v=3",
    "gravatar_id": "",
    "url": "https://api.github.com/users/mprobst",
    "html_url": "https://github.com/mprobst",
    "followers_url": "https://api.github.com/users/mprobst/followers",
    "following_url": "https://api.github.com/users/mprobst/following{/other_user}",
    "gists_url": "https://api.github.com/users/mprobst/gists{/gist_id}",
    "starred_url": "https://api.github.com/users/mprobst/starred{/owner}{/repo}",
    "subscriptions_url": "https://api.github.com/users/mprobst/subscriptions",
    "organizations_url": "https://api.github.com/users/mprobst/orgs",
    "repos_url": "https://api.github.com/users/mprobst/repos",
    "events_url": "https://api.github.com/users/mprobst/events{/privacy}",
    "received_events_url": "https://api.github.com/users/mprobst/received_events",
    "type": "User",
    "site_admin": false,
    "contributions": 59
  },
  {
    "login": "gdi2290",
    "id": 1016365,
    "avatar_url": "https://avatars.githubusercontent.com/u/1016365?v=3",
    "gravatar_id": "",
    "url": "https://api.github.com/users/gdi2290",
    "html_url": "https://github.com/gdi2290",
    "followers_url": "https://api.github.com/users/gdi2290/followers",
    "following_url": "https://api.github.com/users/gdi2290/following{/other_user}",
    "gists_url": "https://api.github.com/users/gdi2290/gists{/gist_id}",
    "starred_url": "https://api.github.com/users/gdi2290/starred{/owner}{/repo}",
    "subscriptions_url": "https://api.github.com/users/gdi2290/subscriptions",
    "organizations_url": "https://api.github.com/users/gdi2290/orgs",
    "repos_url": "https://api.github.com/users/gdi2290/repos",
    "events_url": "https://api.github.com/users/gdi2290/events{/privacy}",
    "received_events_url": "https://api.github.com/users/gdi2290/received_events",
    "type": "User",
    "site_admin": false,
    "contributions": 52
  },
  {
    "login": "kevmoo",
    "id": 17034,
    "avatar_url": "https://avatars.githubusercontent.com/u/17034?v=3",
    "gravatar_id": "",
    "url": "https://api.github.com/users/kevmoo",
    "html_url": "https://github.com/kevmoo",
    "followers_url": "https://api.github.com/users/kevmoo/followers",
    "following_url": "https://api.github.com/users/kevmoo/following{/other_user}",
    "gists_url": "https://api.github.com/users/kevmoo/gists{/gist_id}",
    "starred_url": "https://api.github.com/users/kevmoo/starred{/owner}{/repo}",
    "subscriptions_url": "https://api.github.com/users/kevmoo/subscriptions",
    "organizations_url": "https://api.github.com/users/kevmoo/orgs",
    "repos_url": "https://api.github.com/users/kevmoo/repos",
    "events_url": "https://api.github.com/users/kevmoo/events{/privacy}",
    "received_events_url": "https://api.github.com/users/kevmoo/received_events",
    "type": "User",
    "site_admin": false,
    "contributions": 41
  },
  {
    "login": "caitp",
    "id": 2294695,
    "avatar_url": "https://avatars.githubusercontent.com/u/2294695?v=3",
    "gravatar_id": "",
    "url": "https://api.github.com/users/caitp",
    "html_url": "https://github.com/caitp",
    "followers_url": "https://api.github.com/users/caitp/followers",
    "following_url": "https://api.github.com/users/caitp/following{/other_user}",
    "gists_url": "https://api.github.com/users/caitp/gists{/gist_id}",
    "starred_url": "https://api.github.com/users/caitp/starred{/owner}{/repo}",
    "subscriptions_url": "https://api.github.com/users/caitp/subscriptions",
    "organizations_url": "https://api.github.com/users/caitp/orgs",
    "repos_url": "https://api.github.com/users/caitp/repos",
    "events_url": "https://api.github.com/users/caitp/events{/privacy}",
    "received_events_url": "https://api.github.com/users/caitp/received_events",
    "type": "User",
    "site_admin": false,
    "contributions": 37
  },
  {
    "login": "naomiblack",
    "id": 2286589,
    "avatar_url": "https://avatars.githubusercontent.com/u/2286589?v=3",
    "gravatar_id": "",
    "url": "https://api.github.com/users/naomiblack",
    "html_url": "https://github.com/naomiblack",
    "followers_url": "https://api.github.com/users/naomiblack/followers",
    "following_url": "https://api.github.com/users/naomiblack/following{/other_user}",
    "gists_url": "https://api.github.com/users/naomiblack/gists{/gist_id}",
    "starred_url": "https://api.github.com/users/naomiblack/starred{/owner}{/repo}",
    "subscriptions_url": "https://api.github.com/users/naomiblack/subscriptions",
    "organizations_url": "https://api.github.com/users/naomiblack/orgs",
    "repos_url": "https://api.github.com/users/naomiblack/repos",
    "events_url": "https://api.github.com/users/naomiblack/events{/privacy}",
    "received_events_url": "https://api.github.com/users/naomiblack/received_events",
    "type": "User",
    "site_admin": false,
    "contributions": 32
  },
  {
    "login": "juliemr",
    "id": 2081709,
    "avatar_url": "https://avatars.githubusercontent.com/u/2081709?v=3",
    "gravatar_id": "",
    "url": "https://api.github.com/users/juliemr",
    "html_url": "https://github.com/juliemr",
    "followers_url": "https://api.github.com/users/juliemr/followers",
    "following_url": "https://api.github.com/users/juliemr/following{/other_user}",
    "gists_url": "https://api.github.com/users/juliemr/gists{/gist_id}",
    "starred_url": "https://api.github.com/users/juliemr/starred{/owner}{/repo}",
    "subscriptions_url": "https://api.github.com/users/juliemr/subscriptions",
    "organizations_url": "https://api.github.com/users/juliemr/orgs",
    "repos_url": "https://api.github.com/users/juliemr/repos",
    "events_url": "https://api.github.com/users/juliemr/events{/privacy}",
    "received_events_url": "https://api.github.com/users/juliemr/received_events",
    "type": "User",
    "site_admin": false,
    "contributions": 30
  },
  {
    "login": "jteplitz602",
    "id": 193422,
    "avatar_url": "https://avatars.githubusercontent.com/u/193422?v=3",
    "gravatar_id": "",
    "url": "https://api.github.com/users/jteplitz602",
    "html_url": "https://github.com/jteplitz602",
    "followers_url": "https://api.github.com/users/jteplitz602/followers",
    "following_url": "https://api.github.com/users/jteplitz602/following{/other_user}",
    "gists_url": "https://api.github.com/users/jteplitz602/gists{/gist_id}",
    "starred_url": "https://api.github.com/users/jteplitz602/starred{/owner}{/repo}",
    "subscriptions_url": "https://api.github.com/users/jteplitz602/subscriptions",
    "organizations_url": "https://api.github.com/users/jteplitz602/orgs",
    "repos_url": "https://api.github.com/users/jteplitz602/repos",
    "events_url": "https://api.github.com/users/jteplitz602/events{/privacy}",
    "received_events_url": "https://api.github.com/users/jteplitz602/received_events",
    "type": "User",
    "site_admin": false,
    "contributions": 30
  },
  {
    "login": "matsko",
    "id": 93018,
    "avatar_url": "https://avatars.githubusercontent.com/u/93018?v=3",
    "gravatar_id": "",
    "url": "https://api.github.com/users/matsko",
    "html_url": "https://github.com/matsko",
    "followers_url": "https://api.github.com/users/matsko/followers",
    "following_url": "https://api.github.com/users/matsko/following{/other_user}",
    "gists_url": "https://api.github.com/users/matsko/gists{/gist_id}",
    "starred_url": "https://api.github.com/users/matsko/starred{/owner}{/repo}",
    "subscriptions_url": "https://api.github.com/users/matsko/subscriptions",
    "organizations_url": "https://api.github.com/users/matsko/orgs",
    "repos_url": "https://api.github.com/users/matsko/repos",
    "events_url": "https://api.github.com/users/matsko/events{/privacy}",
    "received_events_url": "https://api.github.com/users/matsko/received_events",
    "type": "User",
    "site_admin": false,
    "contributions": 30
  },
  {
    "login": "jakemac53",
    "id": 984921,
    "avatar_url": "https://avatars.githubusercontent.com/u/984921?v=3",
    "gravatar_id": "",
    "url": "https://api.github.com/users/jakemac53",
    "html_url": "https://github.com/jakemac53",
    "followers_url": "https://api.github.com/users/jakemac53/followers",
    "following_url": "https://api.github.com/users/jakemac53/following{/other_user}",
    "gists_url": "https://api.github.com/users/jakemac53/gists{/gist_id}",
    "starred_url": "https://api.github.com/users/jakemac53/starred{/owner}{/repo}",
    "subscriptions_url": "https://api.github.com/users/jakemac53/subscriptions",
    "organizations_url": "https://api.github.com/users/jakemac53/orgs",
    "repos_url": "https://api.github.com/users/jakemac53/repos",
    "events_url": "https://api.github.com/users/jakemac53/events{/privacy}",
    "received_events_url": "https://api.github.com/users/jakemac53/received_events",
    "type": "User",
    "site_admin": false,
    "contributions": 24
  },
  {
    "login": "jelbourn",
    "id": 838736,
    "avatar_url": "https://avatars.githubusercontent.com/u/838736?v=3",
    "gravatar_id": "",
    "url": "https://api.github.com/users/jelbourn",
    "html_url": "https://github.com/jelbourn",
    "followers_url": "https://api.github.com/users/jelbourn/followers",
    "following_url": "https://api.github.com/users/jelbourn/following{/other_user}",
    "gists_url": "https://api.github.com/users/jelbourn/gists{/gist_id}",
    "starred_url": "https://api.github.com/users/jelbourn/starred{/owner}{/repo}",
    "subscriptions_url": "https://api.github.com/users/jelbourn/subscriptions",
    "organizations_url": "https://api.github.com/users/jelbourn/orgs",
    "repos_url": "https://api.github.com/users/jelbourn/repos",
    "events_url": "https://api.github.com/users/jelbourn/events{/privacy}",
    "received_events_url": "https://api.github.com/users/jelbourn/received_events",
    "type": "User",
    "site_admin": false,
    "contributions": 23
  },
  {
    "login": "vojtajina",
    "id": 46647,
    "avatar_url": "https://avatars.githubusercontent.com/u/46647?v=3",
    "gravatar_id": "",
    "url": "https://api.github.com/users/vojtajina",
    "html_url": "https://github.com/vojtajina",
    "followers_url": "https://api.github.com/users/vojtajina/followers",
    "following_url": "https://api.github.com/users/vojtajina/following{/other_user}",
    "gists_url": "https://api.github.com/users/vojtajina/gists{/gist_id}",
    "starred_url": "https://api.github.com/users/vojtajina/starred{/owner}{/repo}",
    "subscriptions_url": "https://api.github.com/users/vojtajina/subscriptions",
    "organizations_url": "https://api.github.com/users/vojtajina/orgs",
    "repos_url": "https://api.github.com/users/vojtajina/repos",
    "events_url": "https://api.github.com/users/vojtajina/events{/privacy}",
    "received_events_url": "https://api.github.com/users/vojtajina/received_events",
    "type": "User",
    "site_admin": false,
    "contributions": 21
  },
  {
    "login": "alxhub",
    "id": 4175141,
    "avatar_url": "https://avatars.githubusercontent.com/u/4175141?v=3",
    "gravatar_id": "",
    "url": "https://api.github.com/users/alxhub",
    "html_url": "https://github.com/alxhub",
    "followers_url": "https://api.github.com/users/alxhub/followers",
    "following_url": "https://api.github.com/users/alxhub/following{/other_user}",
    "gists_url": "https://api.github.com/users/alxhub/gists{/gist_id}",
    "starred_url": "https://api.github.com/users/alxhub/starred{/owner}{/repo}",
    "subscriptions_url": "https://api.github.com/users/alxhub/subscriptions",
    "organizations_url": "https://api.github.com/users/alxhub/orgs",
    "repos_url": "https://api.github.com/users/alxhub/repos",
    "events_url": "https://api.github.com/users/alxhub/events{/privacy}",
    "received_events_url": "https://api.github.com/users/alxhub/received_events",
    "type": "User",
    "site_admin": false,
    "contributions": 20
  },
  {
    "login": "ttowncompiled",
    "id": 4161445,
    "avatar_url": "https://avatars.githubusercontent.com/u/4161445?v=3",
    "gravatar_id": "",
    "url": "https://api.github.com/users/ttowncompiled",
    "html_url": "https://github.com/ttowncompiled",
    "followers_url": "https://api.github.com/users/ttowncompiled/followers",
    "following_url": "https://api.github.com/users/ttowncompiled/following{/other_user}",
    "gists_url": "https://api.github.com/users/ttowncompiled/gists{/gist_id}",
    "starred_url": "https://api.github.com/users/ttowncompiled/starred{/owner}{/repo}",
    "subscriptions_url": "https://api.github.com/users/ttowncompiled/subscriptions",
    "organizations_url": "https://api.github.com/users/ttowncompiled/orgs",
    "repos_url": "https://api.github.com/users/ttowncompiled/repos",
    "events_url": "https://api.github.com/users/ttowncompiled/events{/privacy}",
    "received_events_url": "https://api.github.com/users/ttowncompiled/received_events",
    "type": "User",
    "site_admin": false,
    "contributions": 20
  },
  {
    "login": "TedSander",
    "id": 5643740,
    "avatar_url": "https://avatars.githubusercontent.com/u/5643740?v=3",
    "gravatar_id": "",
    "url": "https://api.github.com/users/TedSander",
    "html_url": "https://github.com/TedSander",
    "followers_url": "https://api.github.com/users/TedSander/followers",
    "following_url": "https://api.github.com/users/TedSander/following{/other_user}",
    "gists_url": "https://api.github.com/users/TedSander/gists{/gist_id}",
    "starred_url": "https://api.github.com/users/TedSander/starred{/owner}{/repo}",
    "subscriptions_url": "https://api.github.com/users/TedSander/subscriptions",
    "organizations_url": "https://api.github.com/users/TedSander/orgs",
    "repos_url": "https://api.github.com/users/TedSander/repos",
    "events_url": "https://api.github.com/users/TedSander/events{/privacy}",
    "received_events_url": "https://api.github.com/users/TedSander/received_events",
    "type": "User",
    "site_admin": false,
    "contributions": 13
  },
  {
    "login": "mgechev",
    "id": 455023,
    "avatar_url": "https://avatars.githubusercontent.com/u/455023?v=3",
    "gravatar_id": "",
    "url": "https://api.github.com/users/mgechev",
    "html_url": "https://github.com/mgechev",
    "followers_url": "https://api.github.com/users/mgechev/followers",
    "following_url": "https://api.github.com/users/mgechev/following{/other_user}",
    "gists_url": "https://api.github.com/users/mgechev/gists{/gist_id}",
    "starred_url": "https://api.github.com/users/mgechev/starred{/owner}{/repo}",
    "subscriptions_url": "https://api.github.com/users/mgechev/subscriptions",
    "organizations_url": "https://api.github.com/users/mgechev/orgs",
    "repos_url": "https://api.github.com/users/mgechev/repos",
    "events_url": "https://api.github.com/users/mgechev/events{/privacy}",
    "received_events_url": "https://api.github.com/users/mgechev/received_events",
    "type": "User",
    "site_admin": false,
    "contributions": 12
  },
  {
    "login": "goderbauer",
    "id": 1227763,
    "avatar_url": "https://avatars.githubusercontent.com/u/1227763?v=3",
    "gravatar_id": "",
    "url": "https://api.github.com/users/goderbauer",
    "html_url": "https://github.com/goderbauer",
    "followers_url": "https://api.github.com/users/goderbauer/followers",
    "following_url": "https://api.github.com/users/goderbauer/following{/other_user}",
    "gists_url": "https://api.github.com/users/goderbauer/gists{/gist_id}",
    "starred_url": "https://api.github.com/users/goderbauer/starred{/owner}{/repo}",
    "subscriptions_url": "https://api.github.com/users/goderbauer/subscriptions",
    "organizations_url": "https://api.github.com/users/goderbauer/orgs",
    "repos_url": "https://api.github.com/users/goderbauer/repos",
    "events_url": "https://api.github.com/users/goderbauer/events{/privacy}",
    "received_events_url": "https://api.github.com/users/goderbauer/received_events",
    "type": "User",
    "site_admin": false,
    "contributions": 11
  }
]