[
  {
    "url": "https://api.github.com/repos/angular/angular/issues/5097",
    "labels_url": "https://api.github.com/repos/angular/angular/issues/5097/labels{/name}",
    "comments_url": "https://api.github.com/repos/angular/angular/issues/5097/comments",
    "events_url": "https://api.github.com/repos/angular/angular/issues/5097/events",
    "html_url": "https://github.com/angular/angular/pull/5097",
    "id": 114855113,
    "number": 5097,
    "title": "chore(bundles): unify SFX bundles creation",
    "user": {
      "login": "pkozlowski-opensource",
      "id": 973550,
      "avatar_url": "https://avatars.githubusercontent.com/u/973550?v=3",
      "gravatar_id": "",
      "url": "https://api.github.com/users/pkozlowski-opensource",
      "html_url": "https://github.com/pkozlowski-opensource",
      "followers_url": "https://api.github.com/users/pkozlowski-opensource/followers",
      "following_url": "https://api.github.com/users/pkozlowski-opensource/following{/other_user}",
      "gists_url": "https://api.github.com/users/pkozlowski-opensource/gists{/gist_id}",
      "starred_url": "https://api.github.com/users/pkozlowski-opensource/starred{/owner}{/repo}",
      "subscriptions_url": "https://api.github.com/users/pkozlowski-opensource/subscriptions",
      "organizations_url": "https://api.github.com/users/pkozlowski-opensource/orgs",
      "repos_url": "https://api.github.com/users/pkozlowski-opensource/repos",
      "events_url": "https://api.github.com/users/pkozlowski-opensource/events{/privacy}",
      "received_events_url": "https://api.github.com/users/pkozlowski-opensource/received_events",
      "type": "User",
      "site_admin": false
    },
    "labels": [
      {
        "url": "https://api.github.com/repos/angular/angular/labels/cla:%20yes",
        "name": "cla: yes",
        "color": "009800"
      }
    ],
    "state": "open",
    "locked": false,
    "assignee": null,
    "milestone": null,
    "comments": 0,
    "created_at": "2015-11-03T16:30:51Z",
    "updated_at": "2015-11-03T16:30:53Z",
    "closed_at": null,
    "pull_request": {
      "url": "https://api.github.com/repos/angular/angular/pulls/5097",
      "html_url": "https://github.com/angular/angular/pull/5097",
      "diff_url": "https://github.com/angular/angular/pull/5097.diff",
      "patch_url": "https://github.com/angular/angular/pull/5097.patch"
    },
    "body": "This PR unifies sfx bundles creation to make it more in-line with other tasks. \r\n\r\nWhile this makes code cleaner (less duplication, easier to read - at least to me!) it also shows that our sfx story is as \"broken\" as CJS story:\r\n* we've got only sfx bundles for core and http (and missing it for router, for example)\r\n* http sfx bundle duplicates all (or at least most) of the code from ng2 core\r\n\r\nMy vote for the long-term solution would go for killing current sfx bundles in favor of UMD bundles that we are going to create as part of our CJS efforts."
  },
  {
    "url": "https://api.github.com/repos/angular/angular/issues/5096",
    "labels_url": "https://api.github.com/repos/angular/angular/issues/5096/labels{/name}",
    "comments_url": "https://api.github.com/repos/angular/angular/issues/5096/comments",
    "events_url": "https://api.github.com/repos/angular/angular/issues/5096/events",
    "html_url": "https://github.com/angular/angular/pull/5096",
    "id": 114854780,
    "number": 5096,
    "title": "build(browserstack): add all supported browsers",
    "user": {
      "login": "mlaval",
      "id": 2316643,
      "avatar_url": "https://avatars.githubusercontent.com/u/2316643?v=3",
      "gravatar_id": "",
      "url": "https://api.github.com/users/mlaval",
      "html_url": "https://github.com/mlaval",
      "followers_url": "https://api.github.com/users/mlaval/followers",
      "following_url": "https://api.github.com/users/mlaval/following{/other_user}",
      "gists_url": "https://api.github.com/users/mlaval/gists{/gist_id}",
      "starred_url": "https://api.github.com/users/mlaval/starred{/owner}{/repo}",
      "subscriptions_url": "https://api.github.com/users/mlaval/subscriptions",
      "organizations_url": "https://api.github.com/users/mlaval/orgs",
      "repos_url": "https://api.github.com/users/mlaval/repos",
      "events_url": "https://api.github.com/users/mlaval/events{/privacy}",
      "received_events_url": "https://api.github.com/users/mlaval/received_events",
      "type": "User",
      "site_admin": false
    },
    "labels": [
      {
        "url": "https://api.github.com/repos/angular/angular/labels/cla:%20yes",
        "name": "cla: yes",
        "color": "009800"
      }
    ],
    "state": "open",
    "locked": false,
    "assignee": null,
    "milestone": null,
    "comments": 0,
    "created_at": "2015-11-03T16:29:33Z",
    "updated_at": "2015-11-03T16:50:33Z",
    "closed_at": null,
    "pull_request": {
      "url": "https://api.github.com/repos/angular/angular/pulls/5096",
      "html_url": "https://github.com/angular/angular/pull/5096",
      "diff_url": "https://github.com/angular/angular/pull/5096.diff",
      "patch_url": "https://github.com/angular/angular/pull/5096.patch"
    },
    "body": "The job should fail as some tests are currently broken."
  },
  {
    "url": "https://api.github.com/repos/angular/angular/issues/5095",
    "labels_url": "https://api.github.com/repos/angular/angular/issues/5095/labels{/name}",
    "comments_url": "https://api.github.com/repos/angular/angular/issues/5095/comments",
    "events_url": "https://api.github.com/repos/angular/angular/issues/5095/events",
    "html_url": "https://github.com/angular/angular/issues/5095",
    "id": 114851550,
    "number": 5095,
    "title": "How to get access to View dependency",
    "user": {
      "login": "cajoy",
      "id": 1035148,
      "avatar_url": "https://avatars.githubusercontent.com/u/1035148?v=3",
      "gravatar_id": "",
      "url": "https://api.github.com/users/cajoy",
      "html_url": "https://github.com/cajoy",
      "followers_url": "https://api.github.com/users/cajoy/followers",
      "following_url": "https://api.github.com/users/cajoy/following{/other_user}",
      "gists_url": "https://api.github.com/users/cajoy/gists{/gist_id}",
      "starred_url": "https://api.github.com/users/cajoy/starred{/owner}{/repo}",
      "subscriptions_url": "https://api.github.com/users/cajoy/subscriptions",
      "organizations_url": "https://api.github.com/users/cajoy/orgs",
      "repos_url": "https://api.github.com/users/cajoy/repos",
      "events_url": "https://api.github.com/users/cajoy/events{/privacy}",
      "received_events_url": "https://api.github.com/users/cajoy/received_events",
      "type": "User",
      "site_admin": false
    },
    "labels": [
    ],
    "state": "open",
    "locked": false,
    "assignee": null,
    "milestone": null,
    "comments": 0,
    "created_at": "2015-11-03T16:15:49Z",
    "updated_at": "2015-11-03T16:15:49Z",
    "closed_at": null,
    "body": "Currently I am getting access to DOM element by using elementRef\r\n\r\n```\r\nconstructor(@Inject(ElementRef) elementRef: ElementRef) {\r\n            var autocomplete = UIkit.autocomplete(elementRef.nativeElement, {});\r\n}\r\n```\r\n\r\nWhat looks like not the right way to go.\r\n\r\nFor 3rd party plugin integration I need to get DOM reference to the component\r\n\r\nI think I may be able to get it from dependency such as @View or @Component.\r\n\r\nBut how can access this dependency from the constructor?\r\n\r\n```\r\nconstructor() {\r\nvar ref = this.View.elementRef;\r\n}\r\n```"
  },
  {
    "url": "https://api.github.com/repos/angular/angular/issues/5093",
    "labels_url": "https://api.github.com/repos/angular/angular/issues/5093/labels{/name}",
    "comments_url": "https://api.github.com/repos/angular/angular/issues/5093/comments",
    "events_url": "https://api.github.com/repos/angular/angular/issues/5093/events",
    "html_url": "https://github.com/angular/angular/pull/5093",
    "id": 114834073,
    "number": 5093,
    "title": "chore(test): Public API test failure when broser does not support Sym…",
    "user": {
      "login": "mlaval",
      "id": 2316643,
      "avatar_url": "https://avatars.githubusercontent.com/u/2316643?v=3",
      "gravatar_id": "",
      "url": "https://api.github.com/users/mlaval",
      "html_url": "https://github.com/mlaval",
      "followers_url": "https://api.github.com/users/mlaval/followers",
      "following_url": "https://api.github.com/users/mlaval/following{/other_user}",
      "gists_url": "https://api.github.com/users/mlaval/gists{/gist_id}",
      "starred_url": "https://api.github.com/users/mlaval/starred{/owner}{/repo}",
      "subscriptions_url": "https://api.github.com/users/mlaval/subscriptions",
      "organizations_url": "https://api.github.com/users/mlaval/orgs",
      "repos_url": "https://api.github.com/users/mlaval/repos",
      "events_url": "https://api.github.com/users/mlaval/events{/privacy}",
      "received_events_url": "https://api.github.com/users/mlaval/received_events",
      "type": "User",
      "site_admin": false
    },
    "labels": [
      {
        "url": "https://api.github.com/repos/angular/angular/labels/cla:%20yes",
        "name": "cla: yes",
        "color": "009800"
      }
    ],
    "state": "open",
    "locked": false,
    "assignee": null,
    "milestone": null,
    "comments": 3,
    "created_at": "2015-11-03T14:55:23Z",
    "updated_at": "2015-11-03T16:05:23Z",
    "closed_at": null,
    "pull_request": {
      "url": "https://api.github.com/repos/angular/angular/pulls/5093",
      "html_url": "https://github.com/angular/angular/pull/5093",
      "diff_url": "https://github.com/angular/angular/pull/5093.diff",
      "patch_url": "https://github.com/angular/angular/pull/5093.patch"
    },
    "body": "…bol.for\r\n\r\nFixes the first problem found in #5072 ."
  },
  {
    "url": "https://api.github.com/repos/angular/angular/issues/5089",
    "labels_url": "https://api.github.com/repos/angular/angular/issues/5089/labels{/name}",
    "comments_url": "https://api.github.com/repos/angular/angular/issues/5089/comments",
    "events_url": "https://api.github.com/repos/angular/angular/issues/5089/events",
    "html_url": "https://github.com/angular/angular/pull/5089",
    "id": 114798756,
    "number": 5089,
    "title": "docs(onDestroy): fix broken backticks",
    "user": {
      "login": "petebacondarwin",
      "id": 15655,
      "avatar_url": "https://avatars.githubusercontent.com/u/15655?v=3",
      "gravatar_id": "",
      "url": "https://api.github.com/users/petebacondarwin",
      "html_url": "https://github.com/petebacondarwin",
      "followers_url": "https://api.github.com/users/petebacondarwin/followers",
      "following_url": "https://api.github.com/users/petebacondarwin/following{/other_user}",
      "gists_url": "https://api.github.com/users/petebacondarwin/gists{/gist_id}",
      "starred_url": "https://api.github.com/users/petebacondarwin/starred{/owner}{/repo}",
      "subscriptions_url": "https://api.github.com/users/petebacondarwin/subscriptions",
      "organizations_url": "https://api.github.com/users/petebacondarwin/orgs",
      "repos_url": "https://api.github.com/users/petebacondarwin/repos",
      "events_url": "https://api.github.com/users/petebacondarwin/events{/privacy}",
      "received_events_url": "https://api.github.com/users/petebacondarwin/received_events",
      "type": "User",
      "site_admin": false
    },
    "labels": [
      {
        "url": "https://api.github.com/repos/angular/angular/labels/cla:%20yes",
        "name": "cla: yes",
        "color": "009800"
      },
      {
        "url": "https://api.github.com/repos/angular/angular/labels/comp:%20core",
        "name": "comp: core",
        "color": "c7def8"
      },
      {
        "url": "https://api.github.com/repos/angular/angular/labels/effort1:%20easy%20(hour)",
        "name": "effort1: easy (hour)",
        "color": "bfe5bf"
      },
      {
        "url": "https://api.github.com/repos/angular/angular/labels/state:%20PR",
        "name": "state: PR",
        "color": "006b75"
      },
      {
        "url": "https://api.github.com/repos/angular/angular/labels/type:%20chore",
        "name": "type: chore",
        "color": "EEEEEE"
      }
    ],
    "state": "open",
    "locked": false,
    "assignee": {
      "login": "naomiblack",
      "id": 2286589,
      "avatar_url": "https://avatars.githubusercontent.com/u/2286589?v=3",
      "gravatar_id": "",
      "url": "https://api.github.com/users/naomiblack",
      "html_url": "https://github.com/naomiblack",
      "followers_url": "https://api.github.com/users/naomiblack/followers",
      "following_url": "https://api.github.com/users/naomiblack/following{/other_user}",
      "gists_url": "https://api.github.com/users/naomiblack/gists{/gist_id}",
      "starred_url": "https://api.github.com/users/naomiblack/starred{/owner}{/repo}",
      "subscriptions_url": "https://api.github.com/users/naomiblack/subscriptions",
      "organizations_url": "https://api.github.com/users/naomiblack/orgs",
      "repos_url": "https://api.github.com/users/naomiblack/repos",
      "events_url": "https://api.github.com/users/naomiblack/events{/privacy}",
      "received_events_url": "https://api.github.com/users/naomiblack/received_events",
      "type": "User",
      "site_admin": false
    },
    "milestone": {
      "url": "https://api.github.com/repos/angular/angular/milestones/49",
      "html_url": "https://github.com/angular/angular/milestones/beta-00",
      "labels_url": "https://api.github.com/repos/angular/angular/milestones/49/labels",
      "id": 1339148,
      "number": 49,
      "title": "beta-00",
      "description": "Issue which must close before we declare beta.",
      "creator": {
        "login": "naomiblack",
        "id": 2286589,
        "avatar_url": "https://avatars.githubusercontent.com/u/2286589?v=3",
        "gravatar_id": "",
        "url": "https://api.github.com/users/naomiblack",
        "html_url": "https://github.com/naomiblack",
        "followers_url": "https://api.github.com/users/naomiblack/followers",
        "following_url": "https://api.github.com/users/naomiblack/following{/other_user}",
        "gists_url": "https://api.github.com/users/naomiblack/gists{/gist_id}",
        "starred_url": "https://api.github.com/users/naomiblack/starred{/owner}{/repo}",
        "subscriptions_url": "https://api.github.com/users/naomiblack/subscriptions",
        "organizations_url": "https://api.github.com/users/naomiblack/orgs",
        "repos_url": "https://api.github.com/users/naomiblack/repos",
        "events_url": "https://api.github.com/users/naomiblack/events{/privacy}",
        "received_events_url": "https://api.github.com/users/naomiblack/received_events",
        "type": "User",
        "site_admin": false
      },
      "open_issues": 78,
      "closed_issues": 36,
      "state": "open",
      "created_at": "2015-10-05T21:32:20Z",
      "updated_at": "2015-11-03T11:49:12Z",
      "due_on": null,
      "closed_at": null
    },
    "comments": 5,
    "created_at": "2015-11-03T11:49:12Z",
    "updated_at": "2015-11-03T11:49:15Z",
    "closed_at": null,
    "pull_request": {
      "url": "https://api.github.com/repos/angular/angular/pulls/5089",
      "html_url": "https://github.com/angular/angular/pull/5089",
      "diff_url": "https://github.com/angular/angular/pull/5089.diff",
      "patch_url": "https://github.com/angular/angular/pull/5089.patch"
    },
    "body": "This was causing a warning in the angular.io dgeni processing."
  },
  {
    "url": "https://api.github.com/repos/angular/angular/issues/5087",
    "labels_url": "https://api.github.com/repos/angular/angular/issues/5087/labels{/name}",
    "comments_url": "https://api.github.com/repos/angular/angular/issues/5087/comments",
    "events_url": "https://api.github.com/repos/angular/angular/issues/5087/events",
    "html_url": "https://github.com/angular/angular/issues/5087",
    "id": 114766474,
    "number": 5087,
    "title": "ControlGroup - [ng-form-model] - the form always is invalid (Childs as input controls)",
    "user": {
      "login": "danicomas",
      "id": 4038192,
      "avatar_url": "https://avatars.githubusercontent.com/u/4038192?v=3",
      "gravatar_id": "",
      "url": "https://api.github.com/users/danicomas",
      "html_url": "https://github.com/danicomas",
      "followers_url": "https://api.github.com/users/danicomas/followers",
      "following_url": "https://api.github.com/users/danicomas/following{/other_user}",
      "gists_url": "https://api.github.com/users/danicomas/gists{/gist_id}",
      "starred_url": "https://api.github.com/users/danicomas/starred{/owner}{/repo}",
      "subscriptions_url": "https://api.github.com/users/danicomas/subscriptions",
      "organizations_url": "https://api.github.com/users/danicomas/orgs",
      "repos_url": "https://api.github.com/users/danicomas/repos",
      "events_url": "https://api.github.com/users/danicomas/events{/privacy}",
      "received_events_url": "https://api.github.com/users/danicomas/received_events",
      "type": "User",
      "site_admin": false
    },
    "labels": [
    ],
    "state": "open",
    "locked": false,
    "assignee": null,
    "milestone": null,
    "comments": 0,
    "created_at": "2015-11-03T08:16:20Z",
    "updated_at": "2015-11-03T08:16:51Z",
    "closed_at": null,
    "body": "I have two different examples but with the same pattern (parent component and inputs as a child component)\r\n\r\nhttp://plnkr.co/edit/IdgoEJqpIBmr16Ca1zFI?p=preview\r\nhttp://plnkr.co/edit/bFNqDrH0akyZ4ua0vzHz?p=preview\r\n\r\nI don't know how the form could return valid = true"
  },
  {
    "url": "https://api.github.com/repos/angular/angular/issues/5086",
    "labels_url": "https://api.github.com/repos/angular/angular/issues/5086/labels{/name}",
    "comments_url": "https://api.github.com/repos/angular/angular/issues/5086/comments",
    "events_url": "https://api.github.com/repos/angular/angular/issues/5086/events",
    "html_url": "https://github.com/angular/angular/pull/5086",
    "id": 114763397,
    "number": 5086,
    "title": "fix(dom/events): do not throw an exception if Hammer.js is not loaded",
    "user": {
      "login": "erictsangx",
      "id": 7621460,
      "avatar_url": "https://avatars.githubusercontent.com/u/7621460?v=3",
      "gravatar_id": "",
      "url": "https://api.github.com/users/erictsangx",
      "html_url": "https://github.com/erictsangx",
      "followers_url": "https://api.github.com/users/erictsangx/followers",
      "following_url": "https://api.github.com/users/erictsangx/following{/other_user}",
      "gists_url": "https://api.github.com/users/erictsangx/gists{/gist_id}",
      "starred_url": "https://api.github.com/users/erictsangx/starred{/owner}{/repo}",
      "subscriptions_url": "https://api.github.com/users/erictsangx/subscriptions",
      "organizations_url": "https://api.github.com/users/erictsangx/orgs",
      "repos_url": "https://api.github.com/users/erictsangx/repos",
      "events_url": "https://api.github.com/users/erictsangx/events{/privacy}",
      "received_events_url": "https://api.github.com/users/erictsangx/received_events",
      "type": "User",
      "site_admin": false
    },
    "labels": [
      {
        "url": "https://api.github.com/repos/angular/angular/labels/cla:%20yes",
        "name": "cla: yes",
        "color": "009800"
      }
    ],
    "state": "open",
    "locked": false,
    "assignee": null,
    "milestone": null,
    "comments": 0,
    "created_at": "2015-11-03T07:43:48Z",
    "updated_at": "2015-11-03T07:43:49Z",
    "closed_at": null,
    "pull_request": {
      "url": "https://api.github.com/repos/angular/angular/pulls/5086",
      "html_url": "https://github.com/angular/angular/pull/5086",
      "diff_url": "https://github.com/angular/angular/pull/5086.diff",
      "patch_url": "https://github.com/angular/angular/pull/5086.patch"
    },
    "body": "Close #4363"
  },
  {
    "url": "https://api.github.com/repos/angular/angular/issues/5084",
    "labels_url": "https://api.github.com/repos/angular/angular/issues/5084/labels{/name}",
    "comments_url": "https://api.github.com/repos/angular/angular/issues/5084/comments",
    "events_url": "https://api.github.com/repos/angular/angular/issues/5084/events",
    "html_url": "https://github.com/angular/angular/pull/5084",
    "id": 114728488,
    "number": 5084,
    "title": "fix: remove deprecated zone API usage in testability",
    "user": {
      "login": "yjbanov",
      "id": 211513,
      "avatar_url": "https://avatars.githubusercontent.com/u/211513?v=3",
      "gravatar_id": "",
      "url": "https://api.github.com/users/yjbanov",
      "html_url": "https://github.com/yjbanov",
      "followers_url": "https://api.github.com/users/yjbanov/followers",
      "following_url": "https://api.github.com/users/yjbanov/following{/other_user}",
      "gists_url": "https://api.github.com/users/yjbanov/gists{/gist_id}",
      "starred_url": "https://api.github.com/users/yjbanov/starred{/owner}{/repo}",
      "subscriptions_url": "https://api.github.com/users/yjbanov/subscriptions",
      "organizations_url": "https://api.github.com/users/yjbanov/orgs",
      "repos_url": "https://api.github.com/users/yjbanov/repos",
      "events_url": "https://api.github.com/users/yjbanov/events{/privacy}",
      "received_events_url": "https://api.github.com/users/yjbanov/received_events",
      "type": "User",
      "site_admin": false
    },
    "labels": [
      {
        "url": "https://api.github.com/repos/angular/angular/labels/cla:%20yes",
        "name": "cla: yes",
        "color": "009800"
      },
      {
        "url": "https://api.github.com/repos/angular/angular/labels/pr_action:%20review",
        "name": "pr_action: review",
        "color": "fbca04"
      }
    ],
    "state": "open",
    "locked": false,
    "assignee": {
      "login": "vsavkin",
      "id": 35996,
      "avatar_url": "https://avatars.githubusercontent.com/u/35996?v=3",
      "gravatar_id": "",
      "url": "https://api.github.com/users/vsavkin",
      "html_url": "https://github.com/vsavkin",
      "followers_url": "https://api.github.com/users/vsavkin/followers",
      "following_url": "https://api.github.com/users/vsavkin/following{/other_user}",
      "gists_url": "https://api.github.com/users/vsavkin/gists{/gist_id}",
      "starred_url": "https://api.github.com/users/vsavkin/starred{/owner}{/repo}",
      "subscriptions_url": "https://api.github.com/users/vsavkin/subscriptions",
      "organizations_url": "https://api.github.com/users/vsavkin/orgs",
      "repos_url": "https://api.github.com/users/vsavkin/repos",
      "events_url": "https://api.github.com/users/vsavkin/events{/privacy}",
      "received_events_url": "https://api.github.com/users/vsavkin/received_events",
      "type": "User",
      "site_admin": false
    },
    "milestone": null,
    "comments": 0,
    "created_at": "2015-11-03T02:20:46Z",
    "updated_at": "2015-11-03T02:20:47Z",
    "closed_at": null,
    "pull_request": {
      "url": "https://api.github.com/repos/angular/angular/pulls/5084",
      "html_url": "https://github.com/angular/angular/pull/5084",
      "diff_url": "https://github.com/angular/angular/pull/5084.diff",
      "patch_url": "https://github.com/angular/angular/pull/5084.patch"
    },
    "body": ""
  },
  {
    "url": "https://api.github.com/repos/angular/angular/issues/5083",
    "labels_url": "https://api.github.com/repos/angular/angular/issues/5083/labels{/name}",
    "comments_url": "https://api.github.com/repos/angular/angular/issues/5083/comments",
    "events_url": "https://api.github.com/repos/angular/angular/issues/5083/events",
    "html_url": "https://github.com/angular/angular/pull/5083",
    "id": 114719847,
    "number": 5083,
    "title": "fix(test_component_builder): expose helper methods for debugElement",
    "user": {
      "login": "alexeagle",
      "id": 47395,
      "avatar_url": "https://avatars.githubusercontent.com/u/47395?v=3",
      "gravatar_id": "",
      "url": "https://api.github.com/users/alexeagle",
      "html_url": "https://github.com/alexeagle",
      "followers_url": "https://api.github.com/users/alexeagle/followers",
      "following_url": "https://api.github.com/users/alexeagle/following{/other_user}",
      "gists_url": "https://api.github.com/users/alexeagle/gists{/gist_id}",
      "starred_url": "https://api.github.com/users/alexeagle/starred{/owner}{/repo}",
      "subscriptions_url": "https://api.github.com/users/alexeagle/subscriptions",
      "organizations_url": "https://api.github.com/users/alexeagle/orgs",
      "repos_url": "https://api.github.com/users/alexeagle/repos",
      "events_url": "https://api.github.com/users/alexeagle/events{/privacy}",
      "received_events_url": "https://api.github.com/users/alexeagle/received_events",
      "type": "User",
      "site_admin": false
    },
    "labels": [
      {
        "url": "https://api.github.com/repos/angular/angular/labels/cla:%20yes",
        "name": "cla: yes",
        "color": "009800"
      },
      {
        "url": "https://api.github.com/repos/angular/angular/labels/pr_state:%20LGTM",
        "name": "pr_state: LGTM",
        "color": "009800"
      }
    ],
    "state": "open",
    "locked": false,
    "assignee": {
      "login": "rkirov",
      "id": 95713,
      "avatar_url": "https://avatars.githubusercontent.com/u/95713?v=3",
      "gravatar_id": "",
      "url": "https://api.github.com/users/rkirov",
      "html_url": "https://github.com/rkirov",
      "followers_url": "https://api.github.com/users/rkirov/followers",
      "following_url": "https://api.github.com/users/rkirov/following{/other_user}",
      "gists_url": "https://api.github.com/users/rkirov/gists{/gist_id}",
      "starred_url": "https://api.github.com/users/rkirov/starred{/owner}{/repo}",
      "subscriptions_url": "https://api.github.com/users/rkirov/subscriptions",
      "organizations_url": "https://api.github.com/users/rkirov/orgs",
      "repos_url": "https://api.github.com/users/rkirov/repos",
      "events_url": "https://api.github.com/users/rkirov/events{/privacy}",
      "received_events_url": "https://api.github.com/users/rkirov/received_events",
      "type": "User",
      "site_admin": false
    },
    "milestone": null,
    "comments": 0,
    "created_at": "2015-11-03T00:57:49Z",
    "updated_at": "2015-11-03T01:52:39Z",
    "closed_at": null,
    "pull_request": {
      "url": "https://api.github.com/repos/angular/angular/pulls/5083",
      "html_url": "https://github.com/angular/angular/pull/5083",
      "diff_url": "https://github.com/angular/angular/pull/5083.diff",
      "patch_url": "https://github.com/angular/angular/pull/5083.patch"
    },
    "body": "We have been using these internally but didn't push the change upstream.\r\nFixes #5081"
  },
  {
    "url": "https://api.github.com/repos/angular/angular/issues/5082",
    "labels_url": "https://api.github.com/repos/angular/angular/issues/5082/labels{/name}",
    "comments_url": "https://api.github.com/repos/angular/angular/issues/5082/comments",
    "events_url": "https://api.github.com/repos/angular/angular/issues/5082/events",
    "html_url": "https://github.com/angular/angular/pull/5082",
    "id": 114715309,
    "number": 5082,
    "title": "fix(RouterLink): do not prevent default behavior if target set on anc…",
    "user": {
      "login": "jeffbcross",
      "id": 463703,
      "avatar_url": "https://avatars.githubusercontent.com/u/463703?v=3",
      "gravatar_id": "",
      "url": "https://api.github.com/users/jeffbcross",
      "html_url": "https://github.com/jeffbcross",
      "followers_url": "https://api.github.com/users/jeffbcross/followers",
      "following_url": "https://api.github.com/users/jeffbcross/following{/other_user}",
      "gists_url": "https://api.github.com/users/jeffbcross/gists{/gist_id}",
      "starred_url": "https://api.github.com/users/jeffbcross/starred{/owner}{/repo}",
      "subscriptions_url": "https://api.github.com/users/jeffbcross/subscriptions",
      "organizations_url": "https://api.github.com/users/jeffbcross/orgs",
      "repos_url": "https://api.github.com/users/jeffbcross/repos",
      "events_url": "https://api.github.com/users/jeffbcross/events{/privacy}",
      "received_events_url": "https://api.github.com/users/jeffbcross/received_events",
      "type": "User",
      "site_admin": false
    },
    "labels": [
      {
        "url": "https://api.github.com/repos/angular/angular/labels/cla:%20yes",
        "name": "cla: yes",
        "color": "009800"
      },
      {
        "url": "https://api.github.com/repos/angular/angular/labels/comp:%20router",
        "name": "comp: router",
        "color": "c7def8"
      },
      {
        "url": "https://api.github.com/repos/angular/angular/labels/pr_action:%20review",
        "name": "pr_action: review",
        "color": "fbca04"
      }
    ],
    "state": "open",
    "locked": false,
    "assignee": {
      "login": "btford",
      "id": 474988,
      "avatar_url": "https://avatars.githubusercontent.com/u/474988?v=3",
      "gravatar_id": "",
      "url": "https://api.github.com/users/btford",
      "html_url": "https://github.com/btford",
      "followers_url": "https://api.github.com/users/btford/followers",
      "following_url": "https://api.github.com/users/btford/following{/other_user}",
      "gists_url": "https://api.github.com/users/btford/gists{/gist_id}",
      "starred_url": "https://api.github.com/users/btford/starred{/owner}{/repo}",
      "subscriptions_url": "https://api.github.com/users/btford/subscriptions",
      "organizations_url": "https://api.github.com/users/btford/orgs",
      "repos_url": "https://api.github.com/users/btford/repos",
      "events_url": "https://api.github.com/users/btford/events{/privacy}",
      "received_events_url": "https://api.github.com/users/btford/received_events",
      "type": "User",
      "site_admin": false
    },
    "milestone": {
      "url": "https://api.github.com/repos/angular/angular/milestones/49",
      "html_url": "https://github.com/angular/angular/milestones/beta-00",
      "labels_url": "https://api.github.com/repos/angular/angular/milestones/49/labels",
      "id": 1339148,
      "number": 49,
      "title": "beta-00",
      "description": "Issue which must close before we declare beta.",
      "creator": {
        "login": "naomiblack",
        "id": 2286589,
        "avatar_url": "https://avatars.githubusercontent.com/u/2286589?v=3",
        "gravatar_id": "",
        "url": "https://api.github.com/users/naomiblack",
        "html_url": "https://github.com/naomiblack",
        "followers_url": "https://api.github.com/users/naomiblack/followers",
        "following_url": "https://api.github.com/users/naomiblack/following{/other_user}",
        "gists_url": "https://api.github.com/users/naomiblack/gists{/gist_id}",
        "starred_url": "https://api.github.com/users/naomiblack/starred{/owner}{/repo}",
        "subscriptions_url": "https://api.github.com/users/naomiblack/subscriptions",
        "organizations_url": "https://api.github.com/users/naomiblack/orgs",
        "repos_url": "https://api.github.com/users/naomiblack/repos",
        "events_url": "https://api.github.com/users/naomiblack/events{/privacy}",
        "received_events_url": "https://api.github.com/users/naomiblack/received_events",
        "type": "User",
        "site_admin": false
      },
      "open_issues": 78,
      "closed_issues": 36,
      "state": "open",
      "created_at": "2015-10-05T21:32:20Z",
      "updated_at": "2015-11-03T11:49:12Z",
      "due_on": null,
      "closed_at": null
    },
    "comments": 1,
    "created_at": "2015-11-03T00:23:58Z",
    "updated_at": "2015-11-03T01:15:05Z",
    "closed_at": null,
    "pull_request": {
      "url": "https://api.github.com/repos/angular/angular/pulls/5082",
      "html_url": "https://github.com/angular/angular/pull/5082",
      "diff_url": "https://github.com/angular/angular/pull/5082.diff",
      "patch_url": "https://github.com/angular/angular/pull/5082.patch"
    },
    "body": "…hor element\r\n\r\nIf the anchor element on which the \"router-link\" directive is present has a target\r\nattribute other than \"_self,\" the handler will not prevent default behavior of\r\nthe browser.\r\n\r\nCloses #4233"
  },
  {
    "url": "https://api.github.com/repos/angular/angular/issues/5081",
    "labels_url": "https://api.github.com/repos/angular/angular/issues/5081/labels{/name}",
    "comments_url": "https://api.github.com/repos/angular/angular/issues/5081/comments",
    "events_url": "https://api.github.com/repos/angular/angular/issues/5081/events",
    "html_url": "https://github.com/angular/angular/issues/5081",
    "id": 114713185,
    "number": 5081,
    "title": "add debugElement accessors to RootTestComponent",
    "user": {
      "login": "alexeagle",
      "id": 47395,
      "avatar_url": "https://avatars.githubusercontent.com/u/47395?v=3",
      "gravatar_id": "",
      "url": "https://api.github.com/users/alexeagle",
      "html_url": "https://github.com/alexeagle",
      "followers_url": "https://api.github.com/users/alexeagle/followers",
      "following_url": "https://api.github.com/users/alexeagle/following{/other_user}",
      "gists_url": "https://api.github.com/users/alexeagle/gists{/gist_id}",
      "starred_url": "https://api.github.com/users/alexeagle/starred{/owner}{/repo}",
      "subscriptions_url": "https://api.github.com/users/alexeagle/subscriptions",
      "organizations_url": "https://api.github.com/users/alexeagle/orgs",
      "repos_url": "https://api.github.com/users/alexeagle/repos",
      "events_url": "https://api.github.com/users/alexeagle/events{/privacy}",
      "received_events_url": "https://api.github.com/users/alexeagle/received_events",
      "type": "User",
      "site_admin": false
    },
    "labels": [
    ],
    "state": "open",
    "locked": false,
    "assignee": {
      "login": "alexeagle",
      "id": 47395,
      "avatar_url": "https://avatars.githubusercontent.com/u/47395?v=3",
      "gravatar_id": "",
      "url": "https://api.github.com/users/alexeagle",
      "html_url": "https://github.com/alexeagle",
      "followers_url": "https://api.github.com/users/alexeagle/followers",
      "following_url": "https://api.github.com/users/alexeagle/following{/other_user}",
      "gists_url": "https://api.github.com/users/alexeagle/gists{/gist_id}",
      "starred_url": "https://api.github.com/users/alexeagle/starred{/owner}{/repo}",
      "subscriptions_url": "https://api.github.com/users/alexeagle/subscriptions",
      "organizations_url": "https://api.github.com/users/alexeagle/orgs",
      "repos_url": "https://api.github.com/users/alexeagle/repos",
      "events_url": "https://api.github.com/users/alexeagle/events{/privacy}",
      "received_events_url": "https://api.github.com/users/alexeagle/received_events",
      "type": "User",
      "site_admin": false
    },
    "milestone": null,
    "comments": 0,
    "created_at": "2015-11-03T00:06:44Z",
    "updated_at": "2015-11-03T00:06:44Z",
    "closed_at": null,
    "body": "We have a local modification in google3 which we should merge upstream.\r\n\r\nThe dart code looks like\r\n```\r\ndynamic get componentInstance => debugElement.componentInstance;\r\ndynamic get nativeElement => debugElement.nativeElement;\r\nList<DebugElement> get componentViewChildren => debugElement.componentViewChildren;\r\n```"
  },
  {
    "url": "https://api.github.com/repos/angular/angular/issues/5078",
    "labels_url": "https://api.github.com/repos/angular/angular/issues/5078/labels{/name}",
    "comments_url": "https://api.github.com/repos/angular/angular/issues/5078/comments",
    "events_url": "https://api.github.com/repos/angular/angular/issues/5078/events",
    "html_url": "https://github.com/angular/angular/issues/5078",
    "id": 114701070,
    "number": 5078,
    "title": "Router - A div wraps the template's content",
    "user": {
      "login": "vguede",
      "id": 15056900,
      "avatar_url": "https://avatars.githubusercontent.com/u/15056900?v=3",
      "gravatar_id": "",
      "url": "https://api.github.com/users/vguede",
      "html_url": "https://github.com/vguede",
      "followers_url": "https://api.github.com/users/vguede/followers",
      "following_url": "https://api.github.com/users/vguede/following{/other_user}",
      "gists_url": "https://api.github.com/users/vguede/gists{/gist_id}",
      "starred_url": "https://api.github.com/users/vguede/starred{/owner}{/repo}",
      "subscriptions_url": "https://api.github.com/users/vguede/subscriptions",
      "organizations_url": "https://api.github.com/users/vguede/orgs",
      "repos_url": "https://api.github.com/users/vguede/repos",
      "events_url": "https://api.github.com/users/vguede/events{/privacy}",
      "received_events_url": "https://api.github.com/users/vguede/received_events",
      "type": "User",
      "site_admin": false
    },
    "labels": [
    ],
    "state": "open",
    "locked": false,
    "assignee": null,
    "milestone": null,
    "comments": 0,
    "created_at": "2015-11-02T22:42:54Z",
    "updated_at": "2015-11-03T08:34:53Z",
    "closed_at": null,
    "body": "Angular 1 Component Router adds a ```<div>``` who wraps the template's content :\r\n```html\r\n<ng-outlet>\r\n    <div component-name=\"\" ng-scope>\r\n        <!--- template content -->\r\n    </div>\r\n</ng-outlet>\r\n```\r\n\r\nBut this behaviour breaks some CSS rules, for example with angular material.\r\n\r\nWhy this div is added ? If it is mandatory, how add attributes (who will compiled after) to this div from the template ?"
  },
  {
    "url": "https://api.github.com/repos/angular/angular/issues/5077",
    "labels_url": "https://api.github.com/repos/angular/angular/issues/5077/labels{/name}",
    "comments_url": "https://api.github.com/repos/angular/angular/issues/5077/comments",
    "events_url": "https://api.github.com/repos/angular/angular/issues/5077/events",
    "html_url": "https://github.com/angular/angular/issues/5077",
    "id": 114693940,
    "number": 5077,
    "title": "DynamicComponentLoader: moveNodesAfterSibling causing rendering issues",
    "user": {
      "login": "mlynch",
      "id": 11214,
      "avatar_url": "https://avatars.githubusercontent.com/u/11214?v=3",
      "gravatar_id": "",
      "url": "https://api.github.com/users/mlynch",
      "html_url": "https://github.com/mlynch",
      "followers_url": "https://api.github.com/users/mlynch/followers",
      "following_url": "https://api.github.com/users/mlynch/following{/other_user}",
      "gists_url": "https://api.github.com/users/mlynch/gists{/gist_id}",
      "starred_url": "https://api.github.com/users/mlynch/starred{/owner}{/repo}",
      "subscriptions_url": "https://api.github.com/users/mlynch/subscriptions",
      "organizations_url": "https://api.github.com/users/mlynch/orgs",
      "repos_url": "https://api.github.com/users/mlynch/repos",
      "events_url": "https://api.github.com/users/mlynch/events{/privacy}",
      "received_events_url": "https://api.github.com/users/mlynch/received_events",
      "type": "User",
      "site_admin": false
    },
    "labels": [
    ],
    "state": "open",
    "locked": false,
    "assignee": null,
    "milestone": null,
    "comments": 1,
    "created_at": "2015-11-02T22:02:12Z",
    "updated_at": "2015-11-03T01:06:52Z",
    "closed_at": null,
    "body": "Currently, `DynamicComponentLoader` calls `DomRenderer.attachFragmentAfterElement` in the corresponding `AppViewManager`, which then calls `moveNodesAfterSibling` when creating and adding a new component next to an existing component.\r\n\r\nAppViewManager: https://github.com/angular/angular/blob/c02f2bdab07904c36bde8bdfa89ef3dd405274b3/modules/angular2/src/core/linker/view_manager.ts#L333\r\nDomRenderer: https://github.com/angular/angular/blob/c02f2bdab07904c36bde8bdfa89ef3dd405274b3/modules/angular2/src/core/render/dom/dom_renderer.ts#L179\r\n\r\nThe issue is that `moveNodesAfterSibling` first inserts the new element *before* the target element, and then shuffles it around to be *after* the target element. That seems unnecessary when we *know* the new element is going to come after a target element, and it causes some subtle issues in the browser.\r\n\r\nFor example, in Ionic, when you *push* a new component into a navigation stack the first component's `scrollTop` is reset. You can see a vanilla HTML/JS example of `insertBefore` causing `scrollTop` to reset here (scroll down in the red area before the 3 second timeout fires): http://plnkr.co/edit/zpexZC8OoxNVLEhoVAKW?p=preview\r\n\r\nWe can work around it by saving and restoring the `scrollTop` but I also worry about potential flickers and other issues with this method.\r\n\r\nIt seems like a solution would be to allow for an explicit `insertAfter` using `element.parentNode.insertBefore(nodes[0], element.nextSibling)` to avoid the element detach/reattach and the subsequent issues.\r\n\r\n\r\n"
  },
  {
    "url": "https://api.github.com/repos/angular/angular/issues/5076",
    "labels_url": "https://api.github.com/repos/angular/angular/issues/5076/labels{/name}",
    "comments_url": "https://api.github.com/repos/angular/angular/issues/5076/comments",
    "events_url": "https://api.github.com/repos/angular/angular/issues/5076/events",
    "html_url": "https://github.com/angular/angular/pull/5076",
    "id": 114669436,
    "number": 5076,
    "title": "A few forms fixes around ControlValueAccessors",
    "user": {
      "login": "alxhub",
      "id": 4175141,
      "avatar_url": "https://avatars.githubusercontent.com/u/4175141?v=3",
      "gravatar_id": "",
      "url": "https://api.github.com/users/alxhub",
      "html_url": "https://github.com/alxhub",
      "followers_url": "https://api.github.com/users/alxhub/followers",
      "following_url": "https://api.github.com/users/alxhub/following{/other_user}",
      "gists_url": "https://api.github.com/users/alxhub/gists{/gist_id}",
      "starred_url": "https://api.github.com/users/alxhub/starred{/owner}{/repo}",
      "subscriptions_url": "https://api.github.com/users/alxhub/subscriptions",
      "organizations_url": "https://api.github.com/users/alxhub/orgs",
      "repos_url": "https://api.github.com/users/alxhub/repos",
      "events_url": "https://api.github.com/users/alxhub/events{/privacy}",
      "received_events_url": "https://api.github.com/users/alxhub/received_events",
      "type": "User",
      "site_admin": false
    },
    "labels": [
      {
        "url": "https://api.github.com/repos/angular/angular/labels/cla:%20yes",
        "name": "cla: yes",
        "color": "009800"
      },
      {
        "url": "https://api.github.com/repos/angular/angular/labels/pr_action:%20review",
        "name": "pr_action: review",
        "color": "fbca04"
      }
    ],
    "state": "open",
    "locked": false,
    "assignee": {
      "login": "vsavkin",
      "id": 35996,
      "avatar_url": "https://avatars.githubusercontent.com/u/35996?v=3",
      "gravatar_id": "",
      "url": "https://api.github.com/users/vsavkin",
      "html_url": "https://github.com/vsavkin",
      "followers_url": "https://api.github.com/users/vsavkin/followers",
      "following_url": "https://api.github.com/users/vsavkin/following{/other_user}",
      "gists_url": "https://api.github.com/users/vsavkin/gists{/gist_id}",
      "starred_url": "https://api.github.com/users/vsavkin/starred{/owner}{/repo}",
      "subscriptions_url": "https://api.github.com/users/vsavkin/subscriptions",
      "organizations_url": "https://api.github.com/users/vsavkin/orgs",
      "repos_url": "https://api.github.com/users/vsavkin/repos",
      "events_url": "https://api.github.com/users/vsavkin/events{/privacy}",
      "received_events_url": "https://api.github.com/users/vsavkin/received_events",
      "type": "User",
      "site_admin": false
    },
    "milestone": {
      "url": "https://api.github.com/repos/angular/angular/milestones/49",
      "html_url": "https://github.com/angular/angular/milestones/beta-00",
      "labels_url": "https://api.github.com/repos/angular/angular/milestones/49/labels",
      "id": 1339148,
      "number": 49,
      "title": "beta-00",
      "description": "Issue which must close before we declare beta.",
      "creator": {
        "login": "naomiblack",
        "id": 2286589,
        "avatar_url": "https://avatars.githubusercontent.com/u/2286589?v=3",
        "gravatar_id": "",
        "url": "https://api.github.com/users/naomiblack",
        "html_url": "https://github.com/naomiblack",
        "followers_url": "https://api.github.com/users/naomiblack/followers",
        "following_url": "https://api.github.com/users/naomiblack/following{/other_user}",
        "gists_url": "https://api.github.com/users/naomiblack/gists{/gist_id}",
        "starred_url": "https://api.github.com/users/naomiblack/starred{/owner}{/repo}",
        "subscriptions_url": "https://api.github.com/users/naomiblack/subscriptions",
        "organizations_url": "https://api.github.com/users/naomiblack/orgs",
        "repos_url": "https://api.github.com/users/naomiblack/repos",
        "events_url": "https://api.github.com/users/naomiblack/events{/privacy}",
        "received_events_url": "https://api.github.com/users/naomiblack/received_events",
        "type": "User",
        "site_admin": false
      },
      "open_issues": 78,
      "closed_issues": 36,
      "state": "open",
      "created_at": "2015-10-05T21:32:20Z",
      "updated_at": "2015-11-03T11:49:12Z",
      "due_on": null,
      "closed_at": null
    },
    "comments": 0,
    "created_at": "2015-11-02T19:42:24Z",
    "updated_at": "2015-11-02T20:53:54Z",
    "closed_at": null,
    "pull_request": {
      "url": "https://api.github.com/repos/angular/angular/pulls/5076",
      "html_url": "https://github.com/angular/angular/pull/5076",
      "diff_url": "https://github.com/angular/angular/pull/5076.diff",
      "patch_url": "https://github.com/angular/angular/pull/5076.patch"
    },
    "body": "@vsavkin for forms changes, @mhevery to approve public API surface change"
  },
  {
    "url": "https://api.github.com/repos/angular/angular/issues/5075",
    "labels_url": "https://api.github.com/repos/angular/angular/issues/5075/labels{/name}",
    "comments_url": "https://api.github.com/repos/angular/angular/issues/5075/comments",
    "events_url": "https://api.github.com/repos/angular/angular/issues/5075/events",
    "html_url": "https://github.com/angular/angular/pull/5075",
    "id": 114660651,
    "number": 5075,
    "title": "feat(core): add support for ambient directives",
    "user": {
      "login": "vsavkin",
      "id": 35996,
      "avatar_url": "https://avatars.githubusercontent.com/u/35996?v=3",
      "gravatar_id": "",
      "url": "https://api.github.com/users/vsavkin",
      "html_url": "https://github.com/vsavkin",
      "followers_url": "https://api.github.com/users/vsavkin/followers",
      "following_url": "https://api.github.com/users/vsavkin/following{/other_user}",
      "gists_url": "https://api.github.com/users/vsavkin/gists{/gist_id}",
      "starred_url": "https://api.github.com/users/vsavkin/starred{/owner}{/repo}",
      "subscriptions_url": "https://api.github.com/users/vsavkin/subscriptions",
      "organizations_url": "https://api.github.com/users/vsavkin/orgs",
      "repos_url": "https://api.github.com/users/vsavkin/repos",
      "events_url": "https://api.github.com/users/vsavkin/events{/privacy}",
      "received_events_url": "https://api.github.com/users/vsavkin/received_events",
      "type": "User",
      "site_admin": false
    },
    "labels": [
      {
        "url": "https://api.github.com/repos/angular/angular/labels/cla:%20yes",
        "name": "cla: yes",
        "color": "009800"
      },
      {
        "url": "https://api.github.com/repos/angular/angular/labels/pr_action:%20cleanup",
        "name": "pr_action: cleanup",
        "color": "e11d21"
      },
      {
        "url": "https://api.github.com/repos/angular/angular/labels/pr_action:%20review",
        "name": "pr_action: review",
        "color": "fbca04"
      },
      {
        "url": "https://api.github.com/repos/angular/angular/labels/pr_state:%20LGTM",
        "name": "pr_state: LGTM",
        "color": "009800"
      }
    ],
    "state": "open",
    "locked": false,
    "assignee": {
      "login": "vsavkin",
      "id": 35996,
      "avatar_url": "https://avatars.githubusercontent.com/u/35996?v=3",
      "gravatar_id": "",
      "url": "https://api.github.com/users/vsavkin",
      "html_url": "https://github.com/vsavkin",
      "followers_url": "https://api.github.com/users/vsavkin/followers",
      "following_url": "https://api.github.com/users/vsavkin/following{/other_user}",
      "gists_url": "https://api.github.com/users/vsavkin/gists{/gist_id}",
      "starred_url": "https://api.github.com/users/vsavkin/starred{/owner}{/repo}",
      "subscriptions_url": "https://api.github.com/users/vsavkin/subscriptions",
      "organizations_url": "https://api.github.com/users/vsavkin/orgs",
      "repos_url": "https://api.github.com/users/vsavkin/repos",
      "events_url": "https://api.github.com/users/vsavkin/events{/privacy}",
      "received_events_url": "https://api.github.com/users/vsavkin/received_events",
      "type": "User",
      "site_admin": false
    },
    "milestone": {
      "url": "https://api.github.com/repos/angular/angular/milestones/49",
      "html_url": "https://github.com/angular/angular/milestones/beta-00",
      "labels_url": "https://api.github.com/repos/angular/angular/milestones/49/labels",
      "id": 1339148,
      "number": 49,
      "title": "beta-00",
      "description": "Issue which must close before we declare beta.",
      "creator": {
        "login": "naomiblack",
        "id": 2286589,
        "avatar_url": "https://avatars.githubusercontent.com/u/2286589?v=3",
        "gravatar_id": "",
        "url": "https://api.github.com/users/naomiblack",
        "html_url": "https://github.com/naomiblack",
        "followers_url": "https://api.github.com/users/naomiblack/followers",
        "following_url": "https://api.github.com/users/naomiblack/following{/other_user}",
        "gists_url": "https://api.github.com/users/naomiblack/gists{/gist_id}",
        "starred_url": "https://api.github.com/users/naomiblack/starred{/owner}{/repo}",
        "subscriptions_url": "https://api.github.com/users/naomiblack/subscriptions",
        "organizations_url": "https://api.github.com/users/naomiblack/orgs",
        "repos_url": "https://api.github.com/users/naomiblack/repos",
        "events_url": "https://api.github.com/users/naomiblack/events{/privacy}",
        "received_events_url": "https://api.github.com/users/naomiblack/received_events",
        "type": "User",
        "site_admin": false
      },
      "open_issues": 78,
      "closed_issues": 36,
      "state": "open",
      "created_at": "2015-10-05T21:32:20Z",
      "updated_at": "2015-11-03T11:49:12Z",
      "due_on": null,
      "closed_at": null
    },
    "comments": 6,
    "created_at": "2015-11-02T18:53:57Z",
    "updated_at": "2015-11-03T16:00:09Z",
    "closed_at": null,
    "pull_request": {
      "url": "https://api.github.com/repos/angular/angular/pulls/5075",
      "html_url": "https://github.com/angular/angular/pull/5075",
      "diff_url": "https://github.com/angular/angular/pull/5075.diff",
      "patch_url": "https://github.com/angular/angular/pull/5075.patch"
    },
    "body": "Ambient directives can be configured when bootstraping an application.\r\nAmbient directives can be used in every component of the application without\r\nneeding to explicitly list them."
  },
  {
    "url": "https://api.github.com/repos/angular/angular/issues/5072",
    "labels_url": "https://api.github.com/repos/angular/angular/issues/5072/labels{/name}",
    "comments_url": "https://api.github.com/repos/angular/angular/issues/5072/comments",
    "events_url": "https://api.github.com/repos/angular/angular/issues/5072/events",
    "html_url": "https://github.com/angular/angular/issues/5072",
    "id": 114645201,
    "number": 5072,
    "title": "Public API test fails in some browsers",
    "user": {
      "login": "mlaval",
      "id": 2316643,
      "avatar_url": "https://avatars.githubusercontent.com/u/2316643?v=3",
      "gravatar_id": "",
      "url": "https://api.github.com/users/mlaval",
      "html_url": "https://github.com/mlaval",
      "followers_url": "https://api.github.com/users/mlaval/followers",
      "following_url": "https://api.github.com/users/mlaval/following{/other_user}",
      "gists_url": "https://api.github.com/users/mlaval/gists{/gist_id}",
      "starred_url": "https://api.github.com/users/mlaval/starred{/owner}{/repo}",
      "subscriptions_url": "https://api.github.com/users/mlaval/subscriptions",
      "organizations_url": "https://api.github.com/users/mlaval/orgs",
      "repos_url": "https://api.github.com/users/mlaval/repos",
      "events_url": "https://api.github.com/users/mlaval/events{/privacy}",
      "received_events_url": "https://api.github.com/users/mlaval/received_events",
      "type": "User",
      "site_admin": false
    },
    "labels": [
    ],
    "state": "open",
    "locked": false,
    "assignee": {
      "login": "robwormald",
      "id": 534930,
      "avatar_url": "https://avatars.githubusercontent.com/u/534930?v=3",
      "gravatar_id": "",
      "url": "https://api.github.com/users/robwormald",
      "html_url": "https://github.com/robwormald",
      "followers_url": "https://api.github.com/users/robwormald/followers",
      "following_url": "https://api.github.com/users/robwormald/following{/other_user}",
      "gists_url": "https://api.github.com/users/robwormald/gists{/gist_id}",
      "starred_url": "https://api.github.com/users/robwormald/starred{/owner}{/repo}",
      "subscriptions_url": "https://api.github.com/users/robwormald/subscriptions",
      "organizations_url": "https://api.github.com/users/robwormald/orgs",
      "repos_url": "https://api.github.com/users/robwormald/repos",
      "events_url": "https://api.github.com/users/robwormald/events{/privacy}",
      "received_events_url": "https://api.github.com/users/robwormald/received_events",
      "type": "User",
      "site_admin": false
    },
    "milestone": null,
    "comments": 2,
    "created_at": "2015-11-02T17:37:18Z",
    "updated_at": "2015-11-03T15:39:59Z",
    "closed_at": null,
    "body": "It started with the last RxJS upgrade in \"old\" browsers.\r\n\r\nIn IE11, Safari <= 8 and Android <= 4.4:\r\n```\r\nExpected [ '+ Observable.@@observable()', '+ Subject.@@observable()' ] to equal [  ].\r\n```\r\n\r\nIn IE9 and IE10:\r\n```\r\nExpected [ '+ Observable.@@observable()', '- Subject#combineLatest():js', '- Subject#concat():js',\r\n'- Subject#defer():js', '- Subject#empty():js', '- Subject#forkJoin():js', \r\n'- Subject#from():js', '- Subject#fromArray():js', '- Subject#fromEvent():js', \r\n'- Subject#fromEventPattern():js', '- Subject#fromPromise():js', '- Subject#interval():js', \r\n'- Subject#merge():js', '- Subject#never():js', '- Subject#of():js', '- Subject#range():js', \r\n'- Subject#throw():js', '- Subject#timer():js', '- Subject#zip():js', '+ Subject.@@observable()' ] \r\nto equal [  ].\r\n```"
  },
  {
    "url": "https://api.github.com/repos/angular/angular/issues/5071",
    "labels_url": "https://api.github.com/repos/angular/angular/issues/5071/labels{/name}",
    "comments_url": "https://api.github.com/repos/angular/angular/issues/5071/comments",
    "events_url": "https://api.github.com/repos/angular/angular/issues/5071/events",
    "html_url": "https://github.com/angular/angular/issues/5071",
    "id": 114643969,
    "number": 5071,
    "title": "[router] link to child routes of async route",
    "user": {
      "login": "Necroskillz",
      "id": 346477,
      "avatar_url": "https://avatars.githubusercontent.com/u/346477?v=3",
      "gravatar_id": "",
      "url": "https://api.github.com/users/Necroskillz",
      "html_url": "https://github.com/Necroskillz",
      "followers_url": "https://api.github.com/users/Necroskillz/followers",
      "following_url": "https://api.github.com/users/Necroskillz/following{/other_user}",
      "gists_url": "https://api.github.com/users/Necroskillz/gists{/gist_id}",
      "starred_url": "https://api.github.com/users/Necroskillz/starred{/owner}{/repo}",
      "subscriptions_url": "https://api.github.com/users/Necroskillz/subscriptions",
      "organizations_url": "https://api.github.com/users/Necroskillz/orgs",
      "repos_url": "https://api.github.com/users/Necroskillz/repos",
      "events_url": "https://api.github.com/users/Necroskillz/events{/privacy}",
      "received_events_url": "https://api.github.com/users/Necroskillz/received_events",
      "type": "User",
      "site_admin": false
    },
    "labels": [
      {
        "url": "https://api.github.com/repos/angular/angular/labels/comp:%20router",
        "name": "comp: router",
        "color": "c7def8"
      },
      {
        "url": "https://api.github.com/repos/angular/angular/labels/effort2:%20medium%20(day)",
        "name": "effort2: medium (day)",
        "color": "bfe5bf"
      },
      {
        "url": "https://api.github.com/repos/angular/angular/labels/P2:%20required",
        "name": "P2: required",
        "color": "fad8c7"
      },
      {
        "url": "https://api.github.com/repos/angular/angular/labels/type:%20bug",
        "name": "type: bug",
        "color": "EEEEEE"
      }
    ],
    "state": "open",
    "locked": false,
    "assignee": null,
    "milestone": null,
    "comments": 2,
    "created_at": "2015-11-02T17:30:38Z",
    "updated_at": "2015-11-02T19:32:54Z",
    "closed_at": null,
    "body": "As far as I can tell, you can't link to child routes of a component, which itself is loaded with an asynchronous route. I understand the the router can't see the child component routes until it is loaded, so generating a link at that time is hard.\r\n\r\nBut as it is, you cannot deep link into routes of asynchronously loaded components.\r\n\r\nSee example: http://plnkr.co/edit/aa1ln4TT6y3T7GRfSwpX\r\n\r\nIf you try to run it you get `EXCEPTION: Could not find route named \"Home\". in [null]`\r\n\r\nImportant code:\r\n\r\nMain route config (app.ts)\r\n```\r\n@RouteConfig([\r\n    {path: '/', component: Home, as: 'Home'},\r\n    {path: '/lazy/...', loader: () => System.import('lazy').then(c => c['AppComponent']), as: 'Lazy'}\r\n])\r\n```\r\n\r\nMain component link\r\n```\r\n<li><a [router-link]=\"[ '/Lazy', 'Home' ]\">Lazy</a></li>\r\n<li><a [router-link]=\"[ '/Lazy', 'Events' ]\">Lazy - Events</a></li>\r\n```\r\n\r\nChild route config (lazy.ts)\r\n```\r\n@RouteConfig([\r\n    { path: '/', component: LazyHome, as: 'Home' },\r\n    { path: '/events', component: Events, as: 'Events' }\r\n])\r\n```"
  },
  {
    "url": "https://api.github.com/repos/angular/angular/issues/5069",
    "labels_url": "https://api.github.com/repos/angular/angular/issues/5069/labels{/name}",
    "comments_url": "https://api.github.com/repos/angular/angular/issues/5069/comments",
    "events_url": "https://api.github.com/repos/angular/angular/issues/5069/events",
    "html_url": "https://github.com/angular/angular/pull/5069",
    "id": 114611794,
    "number": 5069,
    "title": "chore(test): failures in browsers which do no support Symbol.iterator",
    "user": {
      "login": "mlaval",
      "id": 2316643,
      "avatar_url": "https://avatars.githubusercontent.com/u/2316643?v=3",
      "gravatar_id": "",
      "url": "https://api.github.com/users/mlaval",
      "html_url": "https://github.com/mlaval",
      "followers_url": "https://api.github.com/users/mlaval/followers",
      "following_url": "https://api.github.com/users/mlaval/following{/other_user}",
      "gists_url": "https://api.github.com/users/mlaval/gists{/gist_id}",
      "starred_url": "https://api.github.com/users/mlaval/starred{/owner}{/repo}",
      "subscriptions_url": "https://api.github.com/users/mlaval/subscriptions",
      "organizations_url": "https://api.github.com/users/mlaval/orgs",
      "repos_url": "https://api.github.com/users/mlaval/repos",
      "events_url": "https://api.github.com/users/mlaval/events{/privacy}",
      "received_events_url": "https://api.github.com/users/mlaval/received_events",
      "type": "User",
      "site_admin": false
    },
    "labels": [
      {
        "url": "https://api.github.com/repos/angular/angular/labels/cla:%20yes",
        "name": "cla: yes",
        "color": "009800"
      },
      {
        "url": "https://api.github.com/repos/angular/angular/labels/pr_action:%20review",
        "name": "pr_action: review",
        "color": "fbca04"
      }
    ],
    "state": "open",
    "locked": false,
    "assignee": {
      "login": "IgorMinar",
      "id": 216296,
      "avatar_url": "https://avatars.githubusercontent.com/u/216296?v=3",
      "gravatar_id": "",
      "url": "https://api.github.com/users/IgorMinar",
      "html_url": "https://github.com/IgorMinar",
      "followers_url": "https://api.github.com/users/IgorMinar/followers",
      "following_url": "https://api.github.com/users/IgorMinar/following{/other_user}",
      "gists_url": "https://api.github.com/users/IgorMinar/gists{/gist_id}",
      "starred_url": "https://api.github.com/users/IgorMinar/starred{/owner}{/repo}",
      "subscriptions_url": "https://api.github.com/users/IgorMinar/subscriptions",
      "organizations_url": "https://api.github.com/users/IgorMinar/orgs",
      "repos_url": "https://api.github.com/users/IgorMinar/repos",
      "events_url": "https://api.github.com/users/IgorMinar/events{/privacy}",
      "received_events_url": "https://api.github.com/users/IgorMinar/received_events",
      "type": "User",
      "site_admin": false
    },
    "milestone": null,
    "comments": 0,
    "created_at": "2015-11-02T15:04:14Z",
    "updated_at": "2015-11-03T15:29:43Z",
    "closed_at": null,
    "pull_request": {
      "url": "https://api.github.com/repos/angular/angular/pulls/5069",
      "html_url": "https://github.com/angular/angular/pull/5069",
      "diff_url": "https://github.com/angular/angular/pull/5069.diff",
      "patch_url": "https://github.com/angular/angular/pull/5069.patch"
    },
    "body": "Temporary workaround for issue #5067\r\nIt should prevent test failure until the issue is properly fixed."
  },
  {
    "url": "https://api.github.com/repos/angular/angular/issues/5067",
    "labels_url": "https://api.github.com/repos/angular/angular/issues/5067/labels{/name}",
    "comments_url": "https://api.github.com/repos/angular/angular/issues/5067/comments",
    "events_url": "https://api.github.com/repos/angular/angular/issues/5067/events",
    "html_url": "https://github.com/angular/angular/issues/5067",
    "id": 114610122,
    "number": 5067,
    "title": "Unit tests failing in browser which don't support Symbol.iterator",
    "user": {
      "login": "mlaval",
      "id": 2316643,
      "avatar_url": "https://avatars.githubusercontent.com/u/2316643?v=3",
      "gravatar_id": "",
      "url": "https://api.github.com/users/mlaval",
      "html_url": "https://github.com/mlaval",
      "followers_url": "https://api.github.com/users/mlaval/followers",
      "following_url": "https://api.github.com/users/mlaval/following{/other_user}",
      "gists_url": "https://api.github.com/users/mlaval/gists{/gist_id}",
      "starred_url": "https://api.github.com/users/mlaval/starred{/owner}{/repo}",
      "subscriptions_url": "https://api.github.com/users/mlaval/subscriptions",
      "organizations_url": "https://api.github.com/users/mlaval/orgs",
      "repos_url": "https://api.github.com/users/mlaval/repos",
      "events_url": "https://api.github.com/users/mlaval/events{/privacy}",
      "received_events_url": "https://api.github.com/users/mlaval/received_events",
      "type": "User",
      "site_admin": false
    },
    "labels": [
    ],
    "state": "open",
    "locked": false,
    "assignee": null,
    "milestone": null,
    "comments": 0,
    "created_at": "2015-11-02T14:55:45Z",
    "updated_at": "2015-11-02T14:55:45Z",
    "closed_at": null,
    "body": "18 tests are failing in IE, Safari <= 8, iOS <= 8 and Android <= 4.4.\r\n\r\nThe root cause is that RxJS hard-codes System.iterator to `_es6shim_iterator_` in these browsers. It was the token used by es6-shim, but it has been changed to `_es6-shim iterator_` a year ago.\r\n\r\nA PR has been opened to solve it on RxJS side: https://github.com/ReactiveX/RxJS/pull/640\r\nOnce it is available, RxJS dependency should be updated and workarounds removed.\r\n\r\n/cc @blesh @robwormald "
  },
  {
    "url": "https://api.github.com/repos/angular/angular/issues/5066",
    "labels_url": "https://api.github.com/repos/angular/angular/issues/5066/labels{/name}",
    "comments_url": "https://api.github.com/repos/angular/angular/issues/5066/comments",
    "events_url": "https://api.github.com/repos/angular/angular/issues/5066/events",
    "html_url": "https://github.com/angular/angular/issues/5066",
    "id": 114610097,
    "number": 5066,
    "title": "plnkr update for forward_ref.ts",
    "user": {
      "login": "jennyraj",
      "id": 7594920,
      "avatar_url": "https://avatars.githubusercontent.com/u/7594920?v=3",
      "gravatar_id": "",
      "url": "https://api.github.com/users/jennyraj",
      "html_url": "https://github.com/jennyraj",
      "followers_url": "https://api.github.com/users/jennyraj/followers",
      "following_url": "https://api.github.com/users/jennyraj/following{/other_user}",
      "gists_url": "https://api.github.com/users/jennyraj/gists{/gist_id}",
      "starred_url": "https://api.github.com/users/jennyraj/starred{/owner}{/repo}",
      "subscriptions_url": "https://api.github.com/users/jennyraj/subscriptions",
      "organizations_url": "https://api.github.com/users/jennyraj/orgs",
      "repos_url": "https://api.github.com/users/jennyraj/repos",
      "events_url": "https://api.github.com/users/jennyraj/events{/privacy}",
      "received_events_url": "https://api.github.com/users/jennyraj/received_events",
      "type": "User",
      "site_admin": false
    },
    "labels": [
    ],
    "state": "open",
    "locked": false,
    "assignee": null,
    "milestone": null,
    "comments": 0,
    "created_at": "2015-11-02T14:55:32Z",
    "updated_at": "2015-11-02T14:55:32Z",
    "closed_at": null,
    "body": "### Example ([live demo](http://plnkr.co/edit/bRs0SX2OTQiJzqvjgl8P?p=preview))\r\n###^^^^^^^^^^^^^^^^^^ does not look like the right link.."
  },
  {
    "url": "https://api.github.com/repos/angular/angular/issues/5065",
    "labels_url": "https://api.github.com/repos/angular/angular/issues/5065/labels{/name}",
    "comments_url": "https://api.github.com/repos/angular/angular/issues/5065/comments",
    "events_url": "https://api.github.com/repos/angular/angular/issues/5065/events",
    "html_url": "https://github.com/angular/angular/issues/5065",
    "id": 114609773,
    "number": 5065,
    "title": "plnkr needs to be updated provider.ts",
    "user": {
      "login": "jennyraj",
      "id": 7594920,
      "avatar_url": "https://avatars.githubusercontent.com/u/7594920?v=3",
      "gravatar_id": "",
      "url": "https://api.github.com/users/jennyraj",
      "html_url": "https://github.com/jennyraj",
      "followers_url": "https://api.github.com/users/jennyraj/followers",
      "following_url": "https://api.github.com/users/jennyraj/following{/other_user}",
      "gists_url": "https://api.github.com/users/jennyraj/gists{/gist_id}",
      "starred_url": "https://api.github.com/users/jennyraj/starred{/owner}{/repo}",
      "subscriptions_url": "https://api.github.com/users/jennyraj/subscriptions",
      "organizations_url": "https://api.github.com/users/jennyraj/orgs",
      "repos_url": "https://api.github.com/users/jennyraj/repos",
      "events_url": "https://api.github.com/users/jennyraj/events{/privacy}",
      "received_events_url": "https://api.github.com/users/jennyraj/received_events",
      "type": "User",
      "site_admin": false
    },
    "labels": [
    ],
    "state": "open",
    "locked": false,
    "assignee": null,
    "milestone": null,
    "comments": 0,
    "created_at": "2015-11-02T14:54:02Z",
    "updated_at": "2015-11-02T14:54:02Z",
    "closed_at": null,
    "body": "### Example ([live demo](http://plnkr.co/edit/QsatsOJJ6P8T2fMe9gr8?p=preview))\r\n###^^^^^^^^^^^^^^^^^^^^^^^^^^^^ Looks like it is not the right one, plnkr link has to be fixed."
  },
  {
    "url": "https://api.github.com/repos/angular/angular/issues/5064",
    "labels_url": "https://api.github.com/repos/angular/angular/issues/5064/labels{/name}",
    "comments_url": "https://api.github.com/repos/angular/angular/issues/5064/comments",
    "events_url": "https://api.github.com/repos/angular/angular/issues/5064/events",
    "html_url": "https://github.com/angular/angular/issues/5064",
    "id": 114603033,
    "number": 5064,
    "title": "Style child component ViewEncapsulation.Emulated",
    "user": {
      "login": "tandu",
      "id": 273313,
      "avatar_url": "https://avatars.githubusercontent.com/u/273313?v=3",
      "gravatar_id": "",
      "url": "https://api.github.com/users/tandu",
      "html_url": "https://github.com/tandu",
      "followers_url": "https://api.github.com/users/tandu/followers",
      "following_url": "https://api.github.com/users/tandu/following{/other_user}",
      "gists_url": "https://api.github.com/users/tandu/gists{/gist_id}",
      "starred_url": "https://api.github.com/users/tandu/starred{/owner}{/repo}",
      "subscriptions_url": "https://api.github.com/users/tandu/subscriptions",
      "organizations_url": "https://api.github.com/users/tandu/orgs",
      "repos_url": "https://api.github.com/users/tandu/repos",
      "events_url": "https://api.github.com/users/tandu/events{/privacy}",
      "received_events_url": "https://api.github.com/users/tandu/received_events",
      "type": "User",
      "site_admin": false
    },
    "labels": [
    ],
    "state": "open",
    "locked": false,
    "assignee": null,
    "milestone": null,
    "comments": 6,
    "created_at": "2015-11-02T14:20:39Z",
    "updated_at": "2015-11-03T16:02:28Z",
    "closed_at": null,
    "body": "How to change styles in child component from parent when ViewEncapsulation.Emulated? I think it is a common thing that happens with reusable component. For example, my-button component can have different background color:\r\nparent component:\r\n```css\r\n/*button color in parent component is red*/\r\nmy-button {\r\n  background-color: red;\r\n}\r\n```\r\nmy button component\r\n```css\r\n/*button is yellow by default*/\r\n:host {\r\n  background-color: yellow;\r\n}\r\n```\r\nRight now it doesn't work. All styles are encapsulated and can only affect components in which they are defined."
  },
  {
    "url": "https://api.github.com/repos/angular/angular/issues/5063",
    "labels_url": "https://api.github.com/repos/angular/angular/issues/5063/labels{/name}",
    "comments_url": "https://api.github.com/repos/angular/angular/issues/5063/comments",
    "events_url": "https://api.github.com/repos/angular/angular/issues/5063/events",
    "html_url": "https://github.com/angular/angular/issues/5063",
    "id": 114593447,
    "number": 5063,
    "title": "[question] Angular2 and app modularity",
    "user": {
      "login": "artaommahe",
      "id": 1944061,
      "avatar_url": "https://avatars.githubusercontent.com/u/1944061?v=3",
      "gravatar_id": "",
      "url": "https://api.github.com/users/artaommahe",
      "html_url": "https://github.com/artaommahe",
      "followers_url": "https://api.github.com/users/artaommahe/followers",
      "following_url": "https://api.github.com/users/artaommahe/following{/other_user}",
      "gists_url": "https://api.github.com/users/artaommahe/gists{/gist_id}",
      "starred_url": "https://api.github.com/users/artaommahe/starred{/owner}{/repo}",
      "subscriptions_url": "https://api.github.com/users/artaommahe/subscriptions",
      "organizations_url": "https://api.github.com/users/artaommahe/orgs",
      "repos_url": "https://api.github.com/users/artaommahe/repos",
      "events_url": "https://api.github.com/users/artaommahe/events{/privacy}",
      "received_events_url": "https://api.github.com/users/artaommahe/received_events",
      "type": "User",
      "site_admin": false
    },
    "labels": [
    ],
    "state": "open",
    "locked": false,
    "assignee": null,
    "milestone": null,
    "comments": 1,
    "created_at": "2015-11-02T13:28:08Z",
    "updated_at": "2015-11-02T23:39:29Z",
    "closed_at": null,
    "body": "Angular1 allows to build flexible modular app structure, e.x.(part of current project)\r\n```\r\n├── admin-panel-module\r\n├── auth-module\r\n├── chat-module\r\n│   ├── channels-module\r\n│   ├── history-module\r\n│   │   ├── filter-addressed-module\r\n│   │   ├── filter-user-module\r\n│   ├── text-input-module\r\n│   ├── thirdparty-module\r\n│   │   ├── goodgame-module\r\n│   │   └── twitch-module\r\n│   └── tools-module\r\n├── donate-module\r\n├── stream-module\r\n├── subscribe-module\r\n├── support-module\r\n```\r\nwhere each module contains directives, services and any other things(e.x. react components). Also each module has index.js file where angular module is declared and directives/services assigned. And this module uses as dependency for another.\r\n```js\r\n// smth-module/index.js\r\nvar angular = require('angular');\r\n\r\nvar smthFactory = require('./provider/smth.factory');\r\nvar smthDirective = require('./directive/smth.directive');\r\n\r\nvar SmthModule = angular.module('SmthModule', []);\r\n\r\nSmthModule.factory('smthFactory', smthFactory);\r\nSmthModule.directive('smth', smthDirective);\r\n\r\nmodule.exports = SmthModule;\r\n\r\n// app.js\r\nvar angular = require('angular');\r\n\r\nvar SmthModule = require('./smth-module');\r\n\r\nvar app = angular.module('app', [\r\n  SmthModule,\r\n  ...\r\n]);\r\n```\r\nSo we declare all module items in this module, add it as dependency for top level module and can use this module directives/services anywhere in our app.\r\nBun what with this thing in Angular2? I tried to build small side project with alpha45 and can't find anything about modular structure. For simple two modules\r\n```\r\nmain-module\r\n   component\r\n    main\r\n      main.ts\r\nchat-module\r\n  component\r\n    chat\r\n      chat.ts\r\n  service\r\n    chat.ts\r\n```\r\nif i want to use chat component or service in main, i need to import it by whole relative path\r\n```js\r\nimport {ChatCmp} from '../../chat-module/component/chat/chat'\r\nimport {Chat} from '../../chat-module/service/chat'\r\n```\r\nand so with each component from another module. If modules will be reallocated, i must fix each import to new relative path.\r\nAlso if service requires smth like Http\r\n```js\r\nimport {Injectable} from 'angular2/angular2';\r\nimport {Http} from 'angular2/http';\r\n\r\n@Injectable()\r\nexport class Chat {\r\n  constructor(private http: Http) {\r\n    //\r\n  }\r\n}\r\n```\r\nit's necessary to inject HTTP_PROVIDERS services on top level of app(```bootstrap.js```) or for each component that uses this service(or depend on components inheritance).\r\nAgain this thing breaks modular structure - components/services from ona module knows about path to components/services from other modules and must watch their dependencies. And this easily solves via modules system of Angular1.\r\n\r\nAm i missed something or there is any other thing in plans for this cases? I don't see comfortable use of current ng2 app structure anythere except small project without need of modulaity. Thx )"
  },
  {
    "url": "https://api.github.com/repos/angular/angular/issues/5062",
    "labels_url": "https://api.github.com/repos/angular/angular/issues/5062/labels{/name}",
    "comments_url": "https://api.github.com/repos/angular/angular/issues/5062/comments",
    "events_url": "https://api.github.com/repos/angular/angular/issues/5062/events",
    "html_url": "https://github.com/angular/angular/issues/5062",
    "id": 114591702,
    "number": 5062,
    "title": "[Question] Is AsyncPipe compatible with Rx Observable?",
    "user": {
      "login": "rolandjitsu",
      "id": 1479737,
      "avatar_url": "https://avatars.githubusercontent.com/u/1479737?v=3",
      "gravatar_id": "",
      "url": "https://api.github.com/users/rolandjitsu",
      "html_url": "https://github.com/rolandjitsu",
      "followers_url": "https://api.github.com/users/rolandjitsu/followers",
      "following_url": "https://api.github.com/users/rolandjitsu/following{/other_user}",
      "gists_url": "https://api.github.com/users/rolandjitsu/gists{/gist_id}",
      "starred_url": "https://api.github.com/users/rolandjitsu/starred{/owner}{/repo}",
      "subscriptions_url": "https://api.github.com/users/rolandjitsu/subscriptions",
      "organizations_url": "https://api.github.com/users/rolandjitsu/orgs",
      "repos_url": "https://api.github.com/users/rolandjitsu/repos",
      "events_url": "https://api.github.com/users/rolandjitsu/events{/privacy}",
      "received_events_url": "https://api.github.com/users/rolandjitsu/received_events",
      "type": "User",
      "site_admin": false
    },
    "labels": [
    ],
    "state": "open",
    "locked": false,
    "assignee": null,
    "milestone": null,
    "comments": 1,
    "created_at": "2015-11-02T13:17:07Z",
    "updated_at": "2015-11-02T13:38:28Z",
    "closed_at": null,
    "body": "I was wondering if the [AsyncPipe](https://angular.io/docs/ts/latest/api/core/AsyncPipe-class.html) is compatible with the Rx [Observable](https://github.com/ReactiveX/RxJS/blob/master/src/Observable.ts), because from the looks of it, it seems not to be.\r\n\r\nI have a [plunk](http://plnkr.co/edit/JuFb9Ypoqj9Omkwj7jPb?p=preview) that illustrates how I'm trying to use the pipe and it keeps throwing exceptions."
  },
  {
    "url": "https://api.github.com/repos/angular/angular/issues/5060",
    "labels_url": "https://api.github.com/repos/angular/angular/issues/5060/labels{/name}",
    "comments_url": "https://api.github.com/repos/angular/angular/issues/5060/comments",
    "events_url": "https://api.github.com/repos/angular/angular/issues/5060/events",
    "html_url": "https://github.com/angular/angular/issues/5060",
    "id": 114568853,
    "number": 5060,
    "title": "Proposal for testing sugar",
    "user": {
      "login": "Foxandxss",
      "id": 1087957,
      "avatar_url": "https://avatars.githubusercontent.com/u/1087957?v=3",
      "gravatar_id": "",
      "url": "https://api.github.com/users/Foxandxss",
      "html_url": "https://github.com/Foxandxss",
      "followers_url": "https://api.github.com/users/Foxandxss/followers",
      "following_url": "https://api.github.com/users/Foxandxss/following{/other_user}",
      "gists_url": "https://api.github.com/users/Foxandxss/gists{/gist_id}",
      "starred_url": "https://api.github.com/users/Foxandxss/starred{/owner}{/repo}",
      "subscriptions_url": "https://api.github.com/users/Foxandxss/subscriptions",
      "organizations_url": "https://api.github.com/users/Foxandxss/orgs",
      "repos_url": "https://api.github.com/users/Foxandxss/repos",
      "events_url": "https://api.github.com/users/Foxandxss/events{/privacy}",
      "received_events_url": "https://api.github.com/users/Foxandxss/received_events",
      "type": "User",
      "site_admin": false
    },
    "labels": [
    ],
    "state": "open",
    "locked": false,
    "assignee": null,
    "milestone": null,
    "comments": 0,
    "created_at": "2015-11-02T10:37:53Z",
    "updated_at": "2015-11-02T11:02:19Z",
    "closed_at": null,
    "body": "A really common pattern in Angular 2 testing is to wrap the entire `it` callback in `injectAsync`. I think that can be sugarized a bit. It can also be a good solution against abusive indentation coming from `clang-format`.\r\n\r\n```\r\nit('should show 10 stars by default', injectAsync([TestComponentBuilder], (tcb) => {\r\n     return tcb.createAsync(NgbRating).then((fixture) => {\r\n       fixture.detectChanges();\r\n\r\n       const compiled = fixture.debugElement.nativeElement;\r\n\r\n       const stars = getStars(compiled);\r\n       expect(stars.length).toBe(10);\r\n     });\r\n   }));\r\n```\r\n\r\nMartin at `clang-format` suggested to use a wrapper like:\r\n\r\n```\r\nfunction itIj(msg: string, ...componentOrFn: Function[]) {\r\n  let injectables = componentOrFn.slice(0, -1);\r\n  let testFn = componentOrFn.slice(-1)[0];\r\n  it(msg, injectables, testFn);\r\n}\r\n```\r\n\r\nI am not fond of having wrappers like that in my codebase (to workaround a formatter), but since Angular desperately needs lot of sugar around testing, I think this is a good candidate.\r\n\r\nCheck angular/clang-format#20 for more information.\r\n\r\nCheers."
  },
  {
    "url": "https://api.github.com/repos/angular/angular/issues/5059",
    "labels_url": "https://api.github.com/repos/angular/angular/issues/5059/labels{/name}",
    "comments_url": "https://api.github.com/repos/angular/angular/issues/5059/comments",
    "events_url": "https://api.github.com/repos/angular/angular/issues/5059/events",
    "html_url": "https://github.com/angular/angular/issues/5059",
    "id": 114520835,
    "number": 5059,
    "title": "ViewEncapsulation.None styles bleed into ViewEncapsulation.Native components when siblings",
    "user": {
      "login": "gnomeontherun",
      "id": 79500,
      "avatar_url": "https://avatars.githubusercontent.com/u/79500?v=3",
      "gravatar_id": "",
      "url": "https://api.github.com/users/gnomeontherun",
      "html_url": "https://github.com/gnomeontherun",
      "followers_url": "https://api.github.com/users/gnomeontherun/followers",
      "following_url": "https://api.github.com/users/gnomeontherun/following{/other_user}",
      "gists_url": "https://api.github.com/users/gnomeontherun/gists{/gist_id}",
      "starred_url": "https://api.github.com/users/gnomeontherun/starred{/owner}{/repo}",
      "subscriptions_url": "https://api.github.com/users/gnomeontherun/subscriptions",
      "organizations_url": "https://api.github.com/users/gnomeontherun/orgs",
      "repos_url": "https://api.github.com/users/gnomeontherun/repos",
      "events_url": "https://api.github.com/users/gnomeontherun/events{/privacy}",
      "received_events_url": "https://api.github.com/users/gnomeontherun/received_events",
      "type": "User",
      "site_admin": false
    },
    "labels": [
    ],
    "state": "open",
    "locked": false,
    "assignee": null,
    "milestone": null,
    "comments": 2,
    "created_at": "2015-11-02T04:03:16Z",
    "updated_at": "2015-11-03T02:38:28Z",
    "closed_at": null,
    "body": "When there are sibling components, one with ViewEncapsulation.Native and the other with ViewEncapsulation.None, the styles that any component stylings are being appended to the shadow root of the one component set to Native. \r\n\r\nPlunker: http://plnkr.co/edit/huN8xe0S7xH5CUw4B2P6?p=preview\r\n\r\n<img width=\"491\" alt=\"screen shot 2015-11-01 at 9 58 03 pm\" src=\"https://cloud.githubusercontent.com/assets/79500/10874083/afa88d42-80e3-11e5-8f8e-ad09cd8414df.png\">\r\n\r\nA component set to Native should not adopt the rest of the CSS rules from non-Native components. In the screenshot of the rendered DOM, the last three style elements are appended to the end of the shadow root, but they are actually declared in the other two components which are set to None and Emulated modes.\r\n\r\nIf all three components are set to Native, then the rules are applied only to the local component, but when they are mixed the rules bleed over into Native (but don't bleed out of Native)."
  },
  {
    "url": "https://api.github.com/repos/angular/angular/issues/5056",
    "labels_url": "https://api.github.com/repos/angular/angular/issues/5056/labels{/name}",
    "comments_url": "https://api.github.com/repos/angular/angular/issues/5056/comments",
    "events_url": "https://api.github.com/repos/angular/angular/issues/5056/events",
    "html_url": "https://github.com/angular/angular/pull/5056",
    "id": 114504628,
    "number": 5056,
    "title": "Update directive_resolver_mock.ts",
    "user": {
      "login": "jennyraj",
      "id": 7594920,
      "avatar_url": "https://avatars.githubusercontent.com/u/7594920?v=3",
      "gravatar_id": "",
      "url": "https://api.github.com/users/jennyraj",
      "html_url": "https://github.com/jennyraj",
      "followers_url": "https://api.github.com/users/jennyraj/followers",
      "following_url": "https://api.github.com/users/jennyraj/following{/other_user}",
      "gists_url": "https://api.github.com/users/jennyraj/gists{/gist_id}",
      "starred_url": "https://api.github.com/users/jennyraj/starred{/owner}{/repo}",
      "subscriptions_url": "https://api.github.com/users/jennyraj/subscriptions",
      "organizations_url": "https://api.github.com/users/jennyraj/orgs",
      "repos_url": "https://api.github.com/users/jennyraj/repos",
      "events_url": "https://api.github.com/users/jennyraj/events{/privacy}",
      "received_events_url": "https://api.github.com/users/jennyraj/received_events",
      "type": "User",
      "site_admin": false
    },
    "labels": [
      {
        "url": "https://api.github.com/repos/angular/angular/labels/cla:%20yes",
        "name": "cla: yes",
        "color": "009800"
      }
    ],
    "state": "open",
    "locked": false,
    "assignee": null,
    "milestone": null,
    "comments": 0,
    "created_at": "2015-11-02T00:37:31Z",
    "updated_at": "2015-11-02T00:37:35Z",
    "closed_at": null,
    "pull_request": {
      "url": "https://api.github.com/repos/angular/angular/pulls/5056",
      "html_url": "https://github.com/angular/angular/pull/5056",
      "diff_url": "https://github.com/angular/angular/pull/5056.diff",
      "patch_url": "https://github.com/angular/angular/pull/5056.patch"
    },
    "body": "variable names fixed"
  },
  {
    "url": "https://api.github.com/repos/angular/angular/issues/5052",
    "labels_url": "https://api.github.com/repos/angular/angular/issues/5052/labels{/name}",
    "comments_url": "https://api.github.com/repos/angular/angular/issues/5052/comments",
    "events_url": "https://api.github.com/repos/angular/angular/issues/5052/events",
    "html_url": "https://github.com/angular/angular/pull/5052",
    "id": 114492196,
    "number": 5052,
    "title": "refactor(angular_1_router): Added value for router root component",
    "user": {
      "login": "brandonroberts",
      "id": 42211,
      "avatar_url": "https://avatars.githubusercontent.com/u/42211?v=3",
      "gravatar_id": "",
      "url": "https://api.github.com/users/brandonroberts",
      "html_url": "https://github.com/brandonroberts",
      "followers_url": "https://api.github.com/users/brandonroberts/followers",
      "following_url": "https://api.github.com/users/brandonroberts/following{/other_user}",
      "gists_url": "https://api.github.com/users/brandonroberts/gists{/gist_id}",
      "starred_url": "https://api.github.com/users/brandonroberts/starred{/owner}{/repo}",
      "subscriptions_url": "https://api.github.com/users/brandonroberts/subscriptions",
      "organizations_url": "https://api.github.com/users/brandonroberts/orgs",
      "repos_url": "https://api.github.com/users/brandonroberts/repos",
      "events_url": "https://api.github.com/users/brandonroberts/events{/privacy}",
      "received_events_url": "https://api.github.com/users/brandonroberts/received_events",
      "type": "User",
      "site_admin": false
    },
    "labels": [
      {
        "url": "https://api.github.com/repos/angular/angular/labels/cla:%20yes",
        "name": "cla: yes",
        "color": "009800"
      },
      {
        "url": "https://api.github.com/repos/angular/angular/labels/comp:%20router",
        "name": "comp: router",
        "color": "c7def8"
      },
      {
        "url": "https://api.github.com/repos/angular/angular/labels/state:%20Follow%20Up",
        "name": "state: Follow Up",
        "color": "006b75"
      }
    ],
    "state": "open",
    "locked": false,
    "assignee": {
      "login": "btford",
      "id": 474988,
      "avatar_url": "https://avatars.githubusercontent.com/u/474988?v=3",
      "gravatar_id": "",
      "url": "https://api.github.com/users/btford",
      "html_url": "https://github.com/btford",
      "followers_url": "https://api.github.com/users/btford/followers",
      "following_url": "https://api.github.com/users/btford/following{/other_user}",
      "gists_url": "https://api.github.com/users/btford/gists{/gist_id}",
      "starred_url": "https://api.github.com/users/btford/starred{/owner}{/repo}",
      "subscriptions_url": "https://api.github.com/users/btford/subscriptions",
      "organizations_url": "https://api.github.com/users/btford/orgs",
      "repos_url": "https://api.github.com/users/btford/repos",
      "events_url": "https://api.github.com/users/btford/events{/privacy}",
      "received_events_url": "https://api.github.com/users/btford/received_events",
      "type": "User",
      "site_admin": false
    },
    "milestone": {
      "url": "https://api.github.com/repos/angular/angular/milestones/49",
      "html_url": "https://github.com/angular/angular/milestones/beta-00",
      "labels_url": "https://api.github.com/repos/angular/angular/milestones/49/labels",
      "id": 1339148,
      "number": 49,
      "title": "beta-00",
      "description": "Issue which must close before we declare beta.",
      "creator": {
        "login": "naomiblack",
        "id": 2286589,
        "avatar_url": "https://avatars.githubusercontent.com/u/2286589?v=3",
        "gravatar_id": "",
        "url": "https://api.github.com/users/naomiblack",
        "html_url": "https://github.com/naomiblack",
        "followers_url": "https://api.github.com/users/naomiblack/followers",
        "following_url": "https://api.github.com/users/naomiblack/following{/other_user}",
        "gists_url": "https://api.github.com/users/naomiblack/gists{/gist_id}",
        "starred_url": "https://api.github.com/users/naomiblack/starred{/owner}{/repo}",
        "subscriptions_url": "https://api.github.com/users/naomiblack/subscriptions",
        "organizations_url": "https://api.github.com/users/naomiblack/orgs",
        "repos_url": "https://api.github.com/users/naomiblack/repos",
        "events_url": "https://api.github.com/users/naomiblack/events{/privacy}",
        "received_events_url": "https://api.github.com/users/naomiblack/received_events",
        "type": "User",
        "site_admin": false
      },
      "open_issues": 78,
      "closed_issues": 36,
      "state": "open",
      "created_at": "2015-10-05T21:32:20Z",
      "updated_at": "2015-11-03T11:49:12Z",
      "due_on": null,
      "closed_at": null
    },
    "comments": 2,
    "created_at": "2015-11-01T20:49:11Z",
    "updated_at": "2015-11-02T22:49:33Z",
    "closed_at": null,
    "pull_request": {
      "url": "https://api.github.com/repos/angular/angular/pulls/5052",
      "html_url": "https://github.com/angular/angular/pull/5052",
      "diff_url": "https://github.com/angular/angular/pull/5052.diff",
      "patch_url": "https://github.com/angular/angular/pull/5052.patch"
    },
    "body": "Allows for overriding of the root component that is used to configure routes.\r\n\r\nCloses #4965 \r\n"
  },
  {
    "url": "https://api.github.com/repos/angular/angular/issues/5051",
    "labels_url": "https://api.github.com/repos/angular/angular/issues/5051/labels{/name}",
    "comments_url": "https://api.github.com/repos/angular/angular/issues/5051/comments",
    "events_url": "https://api.github.com/repos/angular/angular/issues/5051/events",
    "html_url": "https://github.com/angular/angular/issues/5051",
    "id": 114488786,
    "number": 5051,
    "title": "Parent directive cannot query child directives if the child has the parent injected in the constructor",
    "user": {
      "login": "jhades",
      "id": 5454709,
      "avatar_url": "https://avatars.githubusercontent.com/u/5454709?v=3",
      "gravatar_id": "",
      "url": "https://api.github.com/users/jhades",
      "html_url": "https://github.com/jhades",
      "followers_url": "https://api.github.com/users/jhades/followers",
      "following_url": "https://api.github.com/users/jhades/following{/other_user}",
      "gists_url": "https://api.github.com/users/jhades/gists{/gist_id}",
      "starred_url": "https://api.github.com/users/jhades/starred{/owner}{/repo}",
      "subscriptions_url": "https://api.github.com/users/jhades/subscriptions",
      "organizations_url": "https://api.github.com/users/jhades/orgs",
      "repos_url": "https://api.github.com/users/jhades/repos",
      "events_url": "https://api.github.com/users/jhades/events{/privacy}",
      "received_events_url": "https://api.github.com/users/jhades/received_events",
      "type": "User",
      "site_admin": false
    },
    "labels": [
    ],
    "state": "open",
    "locked": false,
    "assignee": null,
    "milestone": null,
    "comments": 0,
    "created_at": "2015-11-01T19:50:12Z",
    "updated_at": "2015-11-02T08:44:11Z",
    "closed_at": null,
    "body": "See this [demo repo](https://github.com/jhades/ng2-issue-parent-cannot-see-child) for reproducing the issue (present in alpha-45).\r\n\r\nIf we have a parent directive with several child directives present:\r\n\r\n    <div parent-directive>\r\n        <div *ng-for=\"#child of childs;\">\r\n            <div child-directive>{{child}}</div>\r\n        </div>\r\n    </div>\r\n\r\nAnd we try to inject the childs in the parent using `@Query`:\r\n\r\n    @Directive({\r\n        selector: '[parent-directive]'\r\n    })\r\n    export class ParentDirective {\r\n        childs = [];\r\n       \r\n       constructor(@Query(ChildDirective) childs: QueryList<ChildDirective>) {\r\n           console.log(\"building parent directive\");\r\n           childs.changes.toRx().subscribe(() => {\r\n               // this array always has size zero, it should be 3\r\n               this.childs = childs.toArray(); \r\n           });\r\n        }\r\n    }\r\n\r\nThe childs list is always empty. This is because the childs are trying to have the parent injected using `@Host`:\r\n\r\n    @Directive({\r\n        selector: '[child-directive]'\r\n    })\r\n    export class ChildDirective {\r\n\r\n        constructor(@Host(ParentDirective) parent: ParentDirective) {\r\n            console.log(\"building child directive with injected parent.\");\r\n        }\r\n    }\r\n\r\nIf we remove the `@Host` injection, the query then returns several elements as expected.\r\n\r\nThe issue can be reproduced with this repo -> https://github.com/jhades/ng2-issue-parent-cannot-see-child"
  },
  {
    "url": "https://api.github.com/repos/angular/angular/issues/5050",
    "labels_url": "https://api.github.com/repos/angular/angular/issues/5050/labels{/name}",
    "comments_url": "https://api.github.com/repos/angular/angular/issues/5050/comments",
    "events_url": "https://api.github.com/repos/angular/angular/issues/5050/events",
    "html_url": "https://github.com/angular/angular/issues/5050",
    "id": 114486882,
    "number": 5050,
    "title": "tell angular to update a component view after updating an array",
    "user": {
      "login": "rolandjitsu",
      "id": 1479737,
      "avatar_url": "https://avatars.githubusercontent.com/u/1479737?v=3",
      "gravatar_id": "",
      "url": "https://api.github.com/users/rolandjitsu",
      "html_url": "https://github.com/rolandjitsu",
      "followers_url": "https://api.github.com/users/rolandjitsu/followers",
      "following_url": "https://api.github.com/users/rolandjitsu/following{/other_user}",
      "gists_url": "https://api.github.com/users/rolandjitsu/gists{/gist_id}",
      "starred_url": "https://api.github.com/users/rolandjitsu/starred{/owner}{/repo}",
      "subscriptions_url": "https://api.github.com/users/rolandjitsu/subscriptions",
      "organizations_url": "https://api.github.com/users/rolandjitsu/orgs",
      "repos_url": "https://api.github.com/users/rolandjitsu/repos",
      "events_url": "https://api.github.com/users/rolandjitsu/events{/privacy}",
      "received_events_url": "https://api.github.com/users/rolandjitsu/received_events",
      "type": "User",
      "site_admin": false
    },
    "labels": [
    ],
    "state": "open",
    "locked": false,
    "assignee": null,
    "milestone": null,
    "comments": 5,
    "created_at": "2015-11-01T19:23:26Z",
    "updated_at": "2015-11-03T04:48:53Z",
    "closed_at": null,
    "body": "I am using Firebase as a realtime backend for a sample app and I seem to keep hitting some walls when it comes to view updates after I change the shape of an array.\r\n\r\nFor example this [plunk](http://plnkr.co/edit/EdjrRQI9EefiVRRIdPrQ?p=preview) illustrates what I am talking about. I am using `setTimeout` to mimic latency and a few delays that I have in my app (a few dependencies are async and I have to wait for them before I create the array), but basically what happens is that the view does not pickup on the changes I made to the array if it already rendered it and I made some changes at a later point.\r\n\r\nMaybe I can make the `Chores` class depend on `NgZone` or something that I could use to let Angular know that there has been some updates and that it should run the checks through the views?"
  }
]