{
  "id": 4864799,
  "name": "angularjs-batarang",
  "full_name": "angular/angularjs-batarang",
  "owner": {
    "login": "angular",
    "id": 139426,
    "avatar_url": "https://avatars.githubusercontent.com/u/139426?",
    "gravatar_id": "f0d91e5cf8ad1ce7972cc486baa20c42",
    "url": "https://api.github.com/users/angular",
    "html_url": "https://github.com/angular",
    "followers_url": "https://api.github.com/users/angular/followers",
    "following_url": "https://api.github.com/users/angular/following{/other_user}",
    "gists_url": "https://api.github.com/users/angular/gists{/gist_id}",
    "starred_url": "https://api.github.com/users/angular/starred{/owner}{/repo}",
    "subscriptions_url": "https://api.github.com/users/angular/subscriptions",
    "organizations_url": "https://api.github.com/users/angular/orgs",
    "repos_url": "https://api.github.com/users/angular/repos",
    "events_url": "https://api.github.com/users/angular/events{/privacy}",
    "received_events_url": "https://api.github.com/users/angular/received_events",
    "type": "Organization",
    "site_admin": false
  },
  "private": false,
  "html_url": "https://github.com/angular/angularjs-batarang",
  "description": "AngularJS WebInspector Extension for Chrome",
  "fork": false,
  "url": "https://api.github.com/repos/angular/angularjs-batarang",
  "forks_url": "https://api.github.com/repos/angular/angularjs-batarang/forks",
  "keys_url": "https://api.github.com/repos/angular/angularjs-batarang/keys{/key_id}",
  "collaborators_url": "https://api.github.com/repos/angular/angularjs-batarang/collaborators{/collaborator}",
  "teams_url": "https://api.github.com/repos/angular/angularjs-batarang/teams",
  "hooks_url": "https://api.github.com/repos/angular/angularjs-batarang/hooks",
  "issue_events_url": "https://api.github.com/repos/angular/angularjs-batarang/issues/events{/number}",
  "events_url": "https://api.github.com/repos/angular/angularjs-batarang/events",
  "assignees_url": "https://api.github.com/repos/angular/angularjs-batarang/assignees{/user}",
  "branches_url": "https://api.github.com/repos/angular/angularjs-batarang/branches{/branch}",
  "tags_url": "https://api.github.com/repos/angular/angularjs-batarang/tags",
  "blobs_url": "https://api.github.com/repos/angular/angularjs-batarang/git/blobs{/sha}",
  "git_tags_url": "https://api.github.com/repos/angular/angularjs-batarang/git/tags{/sha}",
  "git_refs_url": "https://api.github.com/repos/angular/angularjs-batarang/git/refs{/sha}",
  "trees_url": "https://api.github.com/repos/angular/angularjs-batarang/git/trees{/sha}",
  "statuses_url": "https://api.github.com/repos/angular/angularjs-batarang/statuses/{sha}",
  "languages_url": "https://api.github.com/repos/angular/angularjs-batarang/languages",
  "stargazers_url": "https://api.github.com/repos/angular/angularjs-batarang/stargazers",
  "contributors_url": "https://api.github.com/repos/angular/angularjs-batarang/contributors",
  "subscribers_url": "https://api.github.com/repos/angular/angularjs-batarang/subscribers",
  "subscription_url": "https://api.github.com/repos/angular/angularjs-batarang/subscription",
  "commits_url": "https://api.github.com/repos/angular/angularjs-batarang/commits{/sha}",
  "git_commits_url": "https://api.github.com/repos/angular/angularjs-batarang/git/commits{/sha}",
  "comments_url": "https://api.github.com/repos/angular/angularjs-batarang/comments{/number}",
  "issue_comment_url": "https://api.github.com/repos/angular/angularjs-batarang/issues/comments/{number}",
  "contents_url": "https://api.github.com/repos/angular/angularjs-batarang/contents/{+path}",
  "compare_url": "https://api.github.com/repos/angular/angularjs-batarang/compare/{base}...{head}",
  "merges_url": "https://api.github.com/repos/angular/angularjs-batarang/merges",
  "archive_url": "https://api.github.com/repos/angular/angularjs-batarang/{archive_format}{/ref}",
  "downloads_url": "https://api.github.com/repos/angular/angularjs-batarang/downloads",
  "issues_url": "https://api.github.com/repos/angular/angularjs-batarang/issues{/number}",
  "pulls_url": "https://api.github.com/repos/angular/angularjs-batarang/pulls{/number}",
  "milestones_url": "https://api.github.com/repos/angular/angularjs-batarang/milestones{/number}",
  "notifications_url": "https://api.github.com/repos/angular/angularjs-batarang/notifications{?since,all,participating}",
  "labels_url": "https://api.github.com/repos/angular/angularjs-batarang/labels{/name}",
  "releases_url": "https://api.github.com/repos/angular/angularjs-batarang/releases{/id}",
  "created_at": "2012-07-02T20:57:32Z",
  "updated_at": "2014-06-19T16:44:15Z",
  "pushed_at": "2013-07-09T20:49:07Z",
  "git_url": "git://github.com/angular/angularjs-batarang.git",
  "ssh_url": "git@github.com:angular/angularjs-batarang.git",
  "clone_url": "https://github.com/angular/angularjs-batarang.git",
  "svn_url": "https://github.com/angular/angularjs-batarang",
  "homepage": null,
  "size": 2118,
  "stargazers_count": 1309,
  "watchers_count": 1309,
  "language": "JavaScript",
  "has_issues": true,
  "has_downloads": true,
  "has_wiki": true,
  "forks_count": 152,
  "mirror_url": null,
  "open_issues_count": 63,
  "forks": 152,
  "open_issues": 63,
  "watchers": 1309,
  "default_branch": "master",
  "organization": {
    "login": "angular",
    "id": 139426,
    "avatar_url": "https://avatars.githubusercontent.com/u/139426?",
    "gravatar_id": "f0d91e5cf8ad1ce7972cc486baa20c42",
    "url": "https://api.github.com/users/angular",
    "html_url": "https://github.com/angular",
    "followers_url": "https://api.github.com/users/angular/followers",
    "following_url": "https://api.github.com/users/angular/following{/other_user}",
    "gists_url": "https://api.github.com/users/angular/gists{/gist_id}",
    "starred_url": "https://api.github.com/users/angular/starred{/owner}{/repo}",
    "subscriptions_url": "https://api.github.com/users/angular/subscriptions",
    "organizations_url": "https://api.github.com/users/angular/orgs",
    "repos_url": "https://api.github.com/users/angular/repos",
    "events_url": "https://api.github.com/users/angular/events{/privacy}",
    "received_events_url": "https://api.github.com/users/angular/received_events",
    "type": "Organization",
    "site_admin": false
  },
  "network_count": 152,
  "subscribers_count": 124
}