{
  "id": 24195339,
  "name": "angular",
  "full_name": "angular/angular",
  "owner": {
    "login": "angular",
    "id": 139426,
    "avatar_url": "https://avatars.githubusercontent.com/u/139426?v=3",
    "gravatar_id": "",
    "url": "https://api.github.com/users/angular",
    "html_url": "https://github.com/angular",
    "followers_url": "https://api.github.com/users/angular/followers",
    "following_url": "https://api.github.com/users/angular/following{/other_user}",
    "gists_url": "https://api.github.com/users/angular/gists{/gist_id}",
    "starred_url": "https://api.github.com/users/angular/starred{/owner}{/repo}",
    "subscriptions_url": "https://api.github.com/users/angular/subscriptions",
    "organizations_url": "https://api.github.com/users/angular/orgs",
    "repos_url": "https://api.github.com/users/angular/repos",
    "events_url": "https://api.github.com/users/angular/events{/privacy}",
    "received_events_url": "https://api.github.com/users/angular/received_events",
    "type": "Organization",
    "site_admin": false
  },
  "private": false,
  "html_url": "https://github.com/angular/angular",
  "description": "",
  "fork": false,
  "url": "https://api.github.com/repos/angular/angular",
  "forks_url": "https://api.github.com/repos/angular/angular/forks",
  "keys_url": "https://api.github.com/repos/angular/angular/keys{/key_id}",
  "collaborators_url": "https://api.github.com/repos/angular/angular/collaborators{/collaborator}",
  "teams_url": "https://api.github.com/repos/angular/angular/teams",
  "hooks_url": "https://api.github.com/repos/angular/angular/hooks",
  "issue_events_url": "https://api.github.com/repos/angular/angular/issues/events{/number}",
  "events_url": "https://api.github.com/repos/angular/angular/events",
  "assignees_url": "https://api.github.com/repos/angular/angular/assignees{/user}",
  "branches_url": "https://api.github.com/repos/angular/angular/branches{/branch}",
  "tags_url": "https://api.github.com/repos/angular/angular/tags",
  "blobs_url": "https://api.github.com/repos/angular/angular/git/blobs{/sha}",
  "git_tags_url": "https://api.github.com/repos/angular/angular/git/tags{/sha}",
  "git_refs_url": "https://api.github.com/repos/angular/angular/git/refs{/sha}",
  "trees_url": "https://api.github.com/repos/angular/angular/git/trees{/sha}",
  "statuses_url": "https://api.github.com/repos/angular/angular/statuses/{sha}",
  "languages_url": "https://api.github.com/repos/angular/angular/languages",
  "stargazers_url": "https://api.github.com/repos/angular/angular/stargazers",
  "contributors_url": "https://api.github.com/repos/angular/angular/contributors",
  "subscribers_url": "https://api.github.com/repos/angular/angular/subscribers",
  "subscription_url": "https://api.github.com/repos/angular/angular/subscription",
  "commits_url": "https://api.github.com/repos/angular/angular/commits{/sha}",
  "git_commits_url": "https://api.github.com/repos/angular/angular/git/commits{/sha}",
  "comments_url": "https://api.github.com/repos/angular/angular/comments{/number}",
  "issue_comment_url": "https://api.github.com/repos/angular/angular/issues/comments{/number}",
  "contents_url": "https://api.github.com/repos/angular/angular/contents/{+path}",
  "compare_url": "https://api.github.com/repos/angular/angular/compare/{base}...{head}",
  "merges_url": "https://api.github.com/repos/angular/angular/merges",
  "archive_url": "https://api.github.com/repos/angular/angular/{archive_format}{/ref}",
  "downloads_url": "https://api.github.com/repos/angular/angular/downloads",
  "issues_url": "https://api.github.com/repos/angular/angular/issues{/number}",
  "pulls_url": "https://api.github.com/repos/angular/angular/pulls{/number}",
  "milestones_url": "https://api.github.com/repos/angular/angular/milestones{/number}",
  "notifications_url": "https://api.github.com/repos/angular/angular/notifications{?since,all,participating}",
  "labels_url": "https://api.github.com/repos/angular/angular/labels{/name}",
  "releases_url": "https://api.github.com/repos/angular/angular/releases{/id}",
  "created_at": "2014-09-18T16:12:01Z",
  "updated_at": "2015-11-03T16:47:31Z",
  "pushed_at": "2015-11-03T16:40:40Z",
  "git_url": "git://github.com/angular/angular.git",
  "ssh_url": "git@github.com:angular/angular.git",
  "clone_url": "https://github.com/angular/angular.git",
  "svn_url": "https://github.com/angular/angular",
  "homepage": "https://angular.io",
  "size": 69394,
  "stargazers_count": 6228,
  "watchers_count": 6228,
  "language": "TypeScript",
  "has_issues": true,
  "has_downloads": true,
  "has_wiki": true,
  "has_pages": false,
  "forks_count": 1693,
  "mirror_url": null,
  "open_issues_count": 556,
  "forks": 1693,
  "open_issues": 556,
  "watchers": 6228,
  "default_branch": "master",
  "organization": {
    "login": "angular",
    "id": 139426,
    "avatar_url": "https://avatars.githubusercontent.com/u/139426?v=3",
    "gravatar_id": "",
    "url": "https://api.github.com/users/angular",
    "html_url": "https://github.com/angular",
    "followers_url": "https://api.github.com/users/angular/followers",
    "following_url": "https://api.github.com/users/angular/following{/other_user}",
    "gists_url": "https://api.github.com/users/angular/gists{/gist_id}",
    "starred_url": "https://api.github.com/users/angular/starred{/owner}{/repo}",
    "subscriptions_url": "https://api.github.com/users/angular/subscriptions",
    "organizations_url": "https://api.github.com/users/angular/orgs",
    "repos_url": "https://api.github.com/users/angular/repos",
    "events_url": "https://api.github.com/users/angular/events{/privacy}",
    "received_events_url": "https://api.github.com/users/angular/received_events",
    "type": "Organization",
    "site_admin": false
  },
  "network_count": 1693,
  "subscribers_count": 875
}