{"login": "mojombo", "id": 1, "avatar_url": "https://avatars.githubusercontent.com/u/1?", "gravatar_id": "25c7c18223fb42a4c6ae1c8db6f50f9b", "url": "https://api.github.com/users/mojombo", "html_url": "https://github.com/mojombo", "followers_url": "https://api.github.com/users/mojombo/followers", "following_url": "https://api.github.com/users/mojombo/following{/other_user}", "gists_url": "https://api.github.com/users/mojombo/gists{/gist_id}", "starred_url": "https://api.github.com/users/mojombo/starred{/owner}{/repo}", "subscriptions_url": "https://api.github.com/users/mojombo/subscriptions", "organizations_url": "https://api.github.com/users/mojombo/orgs", "repos_url": "https://api.github.com/users/mojombo/repos", "events_url": "https://api.github.com/users/mojombo/events{/privacy}", "received_events_url": "https://api.github.com/users/mojombo/received_events", "type": "User", "site_admin": true, "name": "Tom Preston-Werner", "company": "GitHub, Inc.", "blog": "http://tom.preston-werner.com", "location": "San Francisco", "email": "tom@github.com", "hireable": false, "bio": "", "public_repos": 57, "public_gists": 66, "followers": 16975, "following": 11, "created_at": "2007-10-20T05:24:19Z", "updated_at": "2014-03-18T11:01:52Z"}