{
  "id": 460078,
  "name": "angular.js",
  "full_name": "angular/angular.js",
  "owner": {
    "login": "angular",
    "id": 139426,
    "avatar_url": "https://avatars.githubusercontent.com/u/139426?v=3",
    "gravatar_id": "",
    "url": "https://api.github.com/users/angular",
    "html_url": "https://github.com/angular",
    "followers_url": "https://api.github.com/users/angular/followers",
    "following_url": "https://api.github.com/users/angular/following{/other_user}",
    "gists_url": "https://api.github.com/users/angular/gists{/gist_id}",
    "starred_url": "https://api.github.com/users/angular/starred{/owner}{/repo}",
    "subscriptions_url": "https://api.github.com/users/angular/subscriptions",
    "organizations_url": "https://api.github.com/users/angular/orgs",
    "repos_url": "https://api.github.com/users/angular/repos",
    "events_url": "https://api.github.com/users/angular/events{/privacy}",
    "received_events_url": "https://api.github.com/users/angular/received_events",
    "type": "Organization",
    "site_admin": false
  },
  "private": false,
  "html_url": "https://github.com/angular/angular.js",
  "description": "HTML enhanced for web apps",
  "fork": false,
  "url": "https://api.github.com/repos/angular/angular.js",
  "forks_url": "https://api.github.com/repos/angular/angular.js/forks",
  "keys_url": "https://api.github.com/repos/angular/angular.js/keys{/key_id}",
  "collaborators_url": "https://api.github.com/repos/angular/angular.js/collaborators{/collaborator}",
  "teams_url": "https://api.github.com/repos/angular/angular.js/teams",
  "hooks_url": "https://api.github.com/repos/angular/angular.js/hooks",
  "issue_events_url": "https://api.github.com/repos/angular/angular.js/issues/events{/number}",
  "events_url": "https://api.github.com/repos/angular/angular.js/events",
  "assignees_url": "https://api.github.com/repos/angular/angular.js/assignees{/user}",
  "branches_url": "https://api.github.com/repos/angular/angular.js/branches{/branch}",
  "tags_url": "https://api.github.com/repos/angular/angular.js/tags",
  "blobs_url": "https://api.github.com/repos/angular/angular.js/git/blobs{/sha}",
  "git_tags_url": "https://api.github.com/repos/angular/angular.js/git/tags{/sha}",
  "git_refs_url": "https://api.github.com/repos/angular/angular.js/git/refs{/sha}",
  "trees_url": "https://api.github.com/repos/angular/angular.js/git/trees{/sha}",
  "statuses_url": "https://api.github.com/repos/angular/angular.js/statuses/{sha}",
  "languages_url": "https://api.github.com/repos/angular/angular.js/languages",
  "stargazers_url": "https://api.github.com/repos/angular/angular.js/stargazers",
  "contributors_url": "https://api.github.com/repos/angular/angular.js/contributors",
  "subscribers_url": "https://api.github.com/repos/angular/angular.js/subscribers",
  "subscription_url": "https://api.github.com/repos/angular/angular.js/subscription",
  "commits_url": "https://api.github.com/repos/angular/angular.js/commits{/sha}",
  "git_commits_url": "https://api.github.com/repos/angular/angular.js/git/commits{/sha}",
  "comments_url": "https://api.github.com/repos/angular/angular.js/comments{/number}",
  "issue_comment_url": "https://api.github.com/repos/angular/angular.js/issues/comments{/number}",
  "contents_url": "https://api.github.com/repos/angular/angular.js/contents/{+path}",
  "compare_url": "https://api.github.com/repos/angular/angular.js/compare/{base}...{head}",
  "merges_url": "https://api.github.com/repos/angular/angular.js/merges",
  "archive_url": "https://api.github.com/repos/angular/angular.js/{archive_format}{/ref}",
  "downloads_url": "https://api.github.com/repos/angular/angular.js/downloads",
  "issues_url": "https://api.github.com/repos/angular/angular.js/issues{/number}",
  "pulls_url": "https://api.github.com/repos/angular/angular.js/pulls{/number}",
  "milestones_url": "https://api.github.com/repos/angular/angular.js/milestones{/number}",
  "notifications_url": "https://api.github.com/repos/angular/angular.js/notifications{?since,all,participating}",
  "labels_url": "https://api.github.com/repos/angular/angular.js/labels{/name}",
  "releases_url": "https://api.github.com/repos/angular/angular.js/releases{/id}",
  "created_at": "2010-01-06T00:34:37Z",
  "updated_at": "2015-11-03T16:45:10Z",
  "pushed_at": "2015-11-03T15:50:22Z",
  "git_url": "git://github.com/angular/angular.js.git",
  "ssh_url": "git@github.com:angular/angular.js.git",
  "clone_url": "https://github.com/angular/angular.js.git",
  "svn_url": "https://github.com/angular/angular.js",
  "homepage": "http://angularjs.org",
  "size": 278493,
  "stargazers_count": 43863,
  "watchers_count": 43863,
  "language": "JavaScript",
  "has_issues": true,
  "has_downloads": true,
  "has_wiki": true,
  "has_pages": false,
  "forks_count": 19903,
  "mirror_url": null,
  "open_issues_count": 1262,
  "forks": 19903,
  "open_issues": 1262,
  "watchers": 43863,
  "default_branch": "master",
  "organization": {
    "login": "angular",
    "id": 139426,
    "avatar_url": "https://avatars.githubusercontent.com/u/139426?v=3",
    "gravatar_id": "",
    "url": "https://api.github.com/users/angular",
    "html_url": "https://github.com/angular",
    "followers_url": "https://api.github.com/users/angular/followers",
    "following_url": "https://api.github.com/users/angular/following{/other_user}",
    "gists_url": "https://api.github.com/users/angular/gists{/gist_id}",
    "starred_url": "https://api.github.com/users/angular/starred{/owner}{/repo}",
    "subscriptions_url": "https://api.github.com/users/angular/subscriptions",
    "organizations_url": "https://api.github.com/users/angular/orgs",
    "repos_url": "https://api.github.com/users/angular/repos",
    "events_url": "https://api.github.com/users/angular/events{/privacy}",
    "received_events_url": "https://api.github.com/users/angular/received_events",
    "type": "Organization",
    "site_admin": false
  },
  "network_count": 19903,
  "subscribers_count": 4020
}