[
  {
    "url": "https://api.github.com/repos/angular/angular.js/issues/6049",
    "labels_url": "https://api.github.com/repos/angular/angular.js/issues/6049/labels{/name}",
    "comments_url": "https://api.github.com/repos/angular/angular.js/issues/6049/comments",
    "events_url": "https://api.github.com/repos/angular/angular.js/issues/6049/events",
    "html_url": "https://github.com/angular/angular.js/issues/6049",
    "id": 26561125,
    "number": 6049,
    "title": "Callback \"$animate:close\" isn't called after an ng-leave animation finishes",
    "user": {
      "login": "ravishivt",
      "id": 4229409,
      "avatar_url": "https://gravatar.com/avatar/b4fe7bdfa174ff372c9f26ce6f78f19c?d=https%3A%2F%2Fidenticons.github.com%2F2a9dc2121d18dfe6cfb57f89e7c4fd9f.png&r=x",
      "gravatar_id": "b4fe7bdfa174ff372c9f26ce6f78f19c",
      "url": "https://api.github.com/users/ravishivt",
      "html_url": "https://github.com/ravishivt",
      "followers_url": "https://api.github.com/users/ravishivt/followers",
      "following_url": "https://api.github.com/users/ravishivt/following{/other_user}",
      "gists_url": "https://api.github.com/users/ravishivt/gists{/gist_id}",
      "starred_url": "https://api.github.com/users/ravishivt/starred{/owner}{/repo}",
      "subscriptions_url": "https://api.github.com/users/ravishivt/subscriptions",
      "organizations_url": "https://api.github.com/users/ravishivt/orgs",
      "repos_url": "https://api.github.com/users/ravishivt/repos",
      "events_url": "https://api.github.com/users/ravishivt/events{/privacy}",
      "received_events_url": "https://api.github.com/users/ravishivt/received_events",
      "type": "User",
      "site_admin": false
    },
    "labels": [],
    "state": "open",
    "assignee": null,
    "milestone": null,
    "comments": 0,
    "created_at": "2014-01-29T22:56:16Z",
    "updated_at": "2014-01-29T22:56:16Z",
    "closed_at": null,
    "pull_request": {
      "html_url": null,
      "diff_url": null,
      "patch_url": null
    },
    "body": "The $animate:after and $animate:close callbacks fire for ng-enter events but they do not fire for ng-leave events.  Is this expected since the element/directive doesn't exist anymore?  Is there a workaround besides using JS animations?\r\n\r\nExample at http://jsbin.com/utOrAPO/11/edit?html,js,output"
  },
  {
    "url": "https://api.github.com/repos/angular/angular.js/issues/6048",
    "labels_url": "https://api.github.com/repos/angular/angular.js/issues/6048/labels{/name}",
    "comments_url": "https://api.github.com/repos/angular/angular.js/issues/6048/comments",
    "events_url": "https://api.github.com/repos/angular/angular.js/issues/6048/events",
    "html_url": "https://github.com/angular/angular.js/issues/6048",
    "id": 26542266,
    "number": 6048,
    "title": "$q.reject() returns a promise with then() but no catch() and no finally()",
    "user": {
      "login": "wesleyakio",
      "id": 1528823,
      "avatar_url": "https://gravatar.com/avatar/ebee6078090b4e7ac34000efb2226ddd?d=https%3A%2F%2Fidenticons.github.com%2F60218812bf0367279d3ba5e208e2c08e.png&r=x",
      "gravatar_id": "ebee6078090b4e7ac34000efb2226ddd",
      "url": "https://api.github.com/users/wesleyakio",
      "html_url": "https://github.com/wesleyakio",
      "followers_url": "https://api.github.com/users/wesleyakio/followers",
      "following_url": "https://api.github.com/users/wesleyakio/following{/other_user}",
      "gists_url": "https://api.github.com/users/wesleyakio/gists{/gist_id}",
      "starred_url": "https://api.github.com/users/wesleyakio/starred{/owner}{/repo}",
      "subscriptions_url": "https://api.github.com/users/wesleyakio/subscriptions",
      "organizations_url": "https://api.github.com/users/wesleyakio/orgs",
      "repos_url": "https://api.github.com/users/wesleyakio/repos",
      "events_url": "https://api.github.com/users/wesleyakio/events{/privacy}",
      "received_events_url": "https://api.github.com/users/wesleyakio/received_events",
      "type": "User",
      "site_admin": false
    },
    "labels": [],
    "state": "open",
    "assignee": null,
    "milestone": null,
    "comments": 3,
    "created_at": "2014-01-29T18:37:46Z",
    "updated_at": "2014-01-29T21:10:35Z",
    "closed_at": null,
    "pull_request": {
      "html_url": null,
      "diff_url": null,
      "patch_url": null
    },
    "body": "When creating a rejected promise with `$q.reject(reason)` the resulting promise does not have the `catch` and `finally` methods."
  },
  {
    "url": "https://api.github.com/repos/angular/angular.js/issues/6047",
    "labels_url": "https://api.github.com/repos/angular/angular.js/issues/6047/labels{/name}",
    "comments_url": "https://api.github.com/repos/angular/angular.js/issues/6047/comments",
    "events_url": "https://api.github.com/repos/angular/angular.js/issues/6047/events",
    "html_url": "https://github.com/angular/angular.js/pull/6047",
    "id": 26540850,
    "number": 6047,
    "title": "clarify doc for \"args\" in $broadcast and $emit",
    "user": {
      "login": "bradw2k",
      "id": 1291159,
      "avatar_url": "https://gravatar.com/avatar/8f56befc13859873cd465417c7262af8?d=https%3A%2F%2Fidenticons.github.com%2F622ff5de6aedc03b96547f31f9a973e0.png&r=x",
      "gravatar_id": "8f56befc13859873cd465417c7262af8",
      "url": "https://api.github.com/users/bradw2k",
      "html_url": "https://github.com/bradw2k",
      "followers_url": "https://api.github.com/users/bradw2k/followers",
      "following_url": "https://api.github.com/users/bradw2k/following{/other_user}",
      "gists_url": "https://api.github.com/users/bradw2k/gists{/gist_id}",
      "starred_url": "https://api.github.com/users/bradw2k/starred{/owner}{/repo}",
      "subscriptions_url": "https://api.github.com/users/bradw2k/subscriptions",
      "organizations_url": "https://api.github.com/users/bradw2k/orgs",
      "repos_url": "https://api.github.com/users/bradw2k/repos",
      "events_url": "https://api.github.com/users/bradw2k/events{/privacy}",
      "received_events_url": "https://api.github.com/users/bradw2k/received_events",
      "type": "User",
      "site_admin": false
    },
    "labels": [
      {
        "url": "https://api.github.com/repos/angular/angular.js/labels/cla%3A+yes",
        "name": "cla: yes",
        "color": "bfe5bf"
      }
    ],
    "state": "open",
    "assignee": null,
    "milestone": null,
    "comments": 2,
    "created_at": "2014-01-29T18:17:24Z",
    "updated_at": "2014-01-29T21:14:30Z",
    "closed_at": null,
    "pull_request": {
      "html_url": "https://github.com/angular/angular.js/pull/6047",
      "diff_url": "https://github.com/angular/angular.js/pull/6047.diff",
      "patch_url": "https://github.com/angular/angular.js/pull/6047.patch"
    },
    "body": "Use of word \"set\" was confusing me:  \"args\" is not a single thing, and it is not a computer science set.  \"args\" here indicates: one or more arguments."
  },
  {
    "url": "https://api.github.com/repos/angular/angular.js/issues/6046",
    "labels_url": "https://api.github.com/repos/angular/angular.js/issues/6046/labels{/name}",
    "comments_url": "https://api.github.com/repos/angular/angular.js/issues/6046/comments",
    "events_url": "https://api.github.com/repos/angular/angular.js/issues/6046/events",
    "html_url": "https://github.com/angular/angular.js/pull/6046",
    "id": 26540193,
    "number": 6046,
    "title": "`npm install` to `npm install karma`",
    "user": {
      "login": "JianbaoTao",
      "id": 4410636,
      "avatar_url": "https://gravatar.com/avatar/93864fa62bc9bfcb421e556529626163?d=https%3A%2F%2Fidenticons.github.com%2F6141b86091848e8a7e1add0b03bbecd6.png&r=x",
      "gravatar_id": "93864fa62bc9bfcb421e556529626163",
      "url": "https://api.github.com/users/JianbaoTao",
      "html_url": "https://github.com/JianbaoTao",
      "followers_url": "https://api.github.com/users/JianbaoTao/followers",
      "following_url": "https://api.github.com/users/JianbaoTao/following{/other_user}",
      "gists_url": "https://api.github.com/users/JianbaoTao/gists{/gist_id}",
      "starred_url": "https://api.github.com/users/JianbaoTao/starred{/owner}{/repo}",
      "subscriptions_url": "https://api.github.com/users/JianbaoTao/subscriptions",
      "organizations_url": "https://api.github.com/users/JianbaoTao/orgs",
      "repos_url": "https://api.github.com/users/JianbaoTao/repos",
      "events_url": "https://api.github.com/users/JianbaoTao/events{/privacy}",
      "received_events_url": "https://api.github.com/users/JianbaoTao/received_events",
      "type": "User",
      "site_admin": false
    },
    "labels": [
      {
        "url": "https://api.github.com/repos/angular/angular.js/labels/cla%3A+no",
        "name": "cla: no",
        "color": "f7c6c7"
      }
    ],
    "state": "open",
    "assignee": null,
    "milestone": null,
    "comments": 1,
    "created_at": "2014-01-29T18:07:34Z",
    "updated_at": "2014-01-29T23:13:57Z",
    "closed_at": null,
    "pull_request": {
      "html_url": "https://github.com/angular/angular.js/pull/6046",
      "diff_url": "https://github.com/angular/angular.js/pull/6046.diff",
      "patch_url": "https://github.com/angular/angular.js/pull/6046.patch"
    },
    "body": ""
  },
  {
    "url": "https://api.github.com/repos/angular/angular.js/issues/6045",
    "labels_url": "https://api.github.com/repos/angular/angular.js/issues/6045/labels{/name}",
    "comments_url": "https://api.github.com/repos/angular/angular.js/issues/6045/comments",
    "events_url": "https://api.github.com/repos/angular/angular.js/issues/6045/events",
    "html_url": "https://github.com/angular/angular.js/pull/6045",
    "id": 26540027,
    "number": 6045,
    "title": "recommend pre-compiling external templates",
    "user": {
      "login": "dukehoops",
      "id": 764345,
      "avatar_url": "https://gravatar.com/avatar/d7e2ac1ac9e96e7c7655b06473a1a54e?d=https%3A%2F%2Fidenticons.github.com%2F6f3613f5762bc80166cbb10d17a0522d.png&r=x",
      "gravatar_id": "d7e2ac1ac9e96e7c7655b06473a1a54e",
      "url": "https://api.github.com/users/dukehoops",
      "html_url": "https://github.com/dukehoops",
      "followers_url": "https://api.github.com/users/dukehoops/followers",
      "following_url": "https://api.github.com/users/dukehoops/following{/other_user}",
      "gists_url": "https://api.github.com/users/dukehoops/gists{/gist_id}",
      "starred_url": "https://api.github.com/users/dukehoops/starred{/owner}{/repo}",
      "subscriptions_url": "https://api.github.com/users/dukehoops/subscriptions",
      "organizations_url": "https://api.github.com/users/dukehoops/orgs",
      "repos_url": "https://api.github.com/users/dukehoops/repos",
      "events_url": "https://api.github.com/users/dukehoops/events{/privacy}",
      "received_events_url": "https://api.github.com/users/dukehoops/received_events",
      "type": "User",
      "site_admin": false
    },
    "labels": [
      {
        "url": "https://api.github.com/repos/angular/angular.js/labels/cla%3A+yes",
        "name": "cla: yes",
        "color": "bfe5bf"
      }
    ],
    "state": "open",
    "assignee": null,
    "milestone": null,
    "comments": 3,
    "created_at": "2014-01-29T18:05:30Z",
    "updated_at": "2014-01-29T21:14:34Z",
    "closed_at": null,
    "pull_request": {
      "html_url": "https://github.com/angular/angular.js/pull/6045",
      "diff_url": "https://github.com/angular/angular.js/pull/6045.diff",
      "patch_url": "https://github.com/angular/angular.js/pull/6045.patch"
    },
    "body": "quite a few folks struggle with how to test directives with external templates. karma-ng-html2js-preprocessor provides an easy solution but the issues is not raised in the docs."
  },
  {
    "url": "https://api.github.com/repos/angular/angular.js/issues/6044",
    "labels_url": "https://api.github.com/repos/angular/angular.js/issues/6044/labels{/name}",
    "comments_url": "https://api.github.com/repos/angular/angular.js/issues/6044/comments",
    "events_url": "https://api.github.com/repos/angular/angular.js/issues/6044/events",
    "html_url": "https://github.com/angular/angular.js/issues/6044",
    "id": 26538627,
    "number": 6044,
    "title": "git checkout -f step-1 not working",
    "user": {
      "login": "danathurston",
      "id": 3492404,
      "avatar_url": "https://gravatar.com/avatar/104aac299f5fcfaebc4195b34fffc7cd?d=https%3A%2F%2Fidenticons.github.com%2F8c7aa172eae735eef97c062a5fe61d62.png&r=x",
      "gravatar_id": "104aac299f5fcfaebc4195b34fffc7cd",
      "url": "https://api.github.com/users/danathurston",
      "html_url": "https://github.com/danathurston",
      "followers_url": "https://api.github.com/users/danathurston/followers",
      "following_url": "https://api.github.com/users/danathurston/following{/other_user}",
      "gists_url": "https://api.github.com/users/danathurston/gists{/gist_id}",
      "starred_url": "https://api.github.com/users/danathurston/starred{/owner}{/repo}",
      "subscriptions_url": "https://api.github.com/users/danathurston/subscriptions",
      "organizations_url": "https://api.github.com/users/danathurston/orgs",
      "repos_url": "https://api.github.com/users/danathurston/repos",
      "events_url": "https://api.github.com/users/danathurston/events{/privacy}",
      "received_events_url": "https://api.github.com/users/danathurston/received_events",
      "type": "User",
      "site_admin": false
    },
    "labels": [],
    "state": "open",
    "assignee": null,
    "milestone": null,
    "comments": 2,
    "created_at": "2014-01-29T17:45:09Z",
    "updated_at": "2014-01-29T20:28:44Z",
    "closed_at": null,
    "pull_request": {
      "html_url": null,
      "diff_url": null,
      "patch_url": null
    },
    "body": "Hello!  As I go through the turotial, I am trying to reset my workspace but nothing is happening.  I put the command in the terminal but it does not update index.html.  I must be doing something wrong!\r\n\r\nI am using Coda 2 as my editor.  I exit the index before entering the checkout command.  \r\n\r\nAny ideas?  Thanks for your help!   "
  },
  {
    "url": "https://api.github.com/repos/angular/angular.js/issues/6043",
    "labels_url": "https://api.github.com/repos/angular/angular.js/issues/6043/labels{/name}",
    "comments_url": "https://api.github.com/repos/angular/angular.js/issues/6043/comments",
    "events_url": "https://api.github.com/repos/angular/angular.js/issues/6043/events",
    "html_url": "https://github.com/angular/angular.js/issues/6043",
    "id": 26536225,
    "number": 6043,
    "title": "Is it possible to capture and console log all broadcasts?",
    "user": {
      "login": "ashclarke",
      "id": 963023,
      "avatar_url": "https://gravatar.com/avatar/df00eba7f94741fa86bb14c58b1d57db?d=https%3A%2F%2Fidenticons.github.com%2F7c189b70c10c52104f917b2ef9f494dc.png&r=x",
      "gravatar_id": "df00eba7f94741fa86bb14c58b1d57db",
      "url": "https://api.github.com/users/ashclarke",
      "html_url": "https://github.com/ashclarke",
      "followers_url": "https://api.github.com/users/ashclarke/followers",
      "following_url": "https://api.github.com/users/ashclarke/following{/other_user}",
      "gists_url": "https://api.github.com/users/ashclarke/gists{/gist_id}",
      "starred_url": "https://api.github.com/users/ashclarke/starred{/owner}{/repo}",
      "subscriptions_url": "https://api.github.com/users/ashclarke/subscriptions",
      "organizations_url": "https://api.github.com/users/ashclarke/orgs",
      "repos_url": "https://api.github.com/users/ashclarke/repos",
      "events_url": "https://api.github.com/users/ashclarke/events{/privacy}",
      "received_events_url": "https://api.github.com/users/ashclarke/received_events",
      "type": "User",
      "site_admin": false
    },
    "labels": [],
    "state": "open",
    "assignee": null,
    "milestone": null,
    "comments": 3,
    "created_at": "2014-01-29T17:11:33Z",
    "updated_at": "2014-01-29T20:39:03Z",
    "closed_at": null,
    "pull_request": {
      "html_url": null,
      "diff_url": null,
      "patch_url": null
    },
    "body": "This is what I have tried:\r\n\r\n    $rootScope.$on(\"$broadcast\", function ($event) {\r\n        console.log(\"BROADCAST: \" + $event.name);\r\n    });\r\n\r\nIs this something that is (couldn't find any docs for it) or will ever be implemented or is the overhead too great?\r\n\r\nMy thinking originated from the [$route](http://docs.angularjs.org/api/ngRoute.$route)  event docs, e.g. `$routeChangeSuccess`."
  },
  {
    "url": "https://api.github.com/repos/angular/angular.js/issues/6042",
    "labels_url": "https://api.github.com/repos/angular/angular.js/issues/6042/labels{/name}",
    "comments_url": "https://api.github.com/repos/angular/angular.js/issues/6042/comments",
    "events_url": "https://api.github.com/repos/angular/angular.js/issues/6042/events",
    "html_url": "https://github.com/angular/angular.js/issues/6042",
    "id": 26530655,
    "number": 6042,
    "title": "Is $$tlb going to stay/official ?",
    "user": {
      "login": "ceymard",
      "id": 737441,
      "avatar_url": "https://gravatar.com/avatar/deafc512dd0c1c22006665bcea88f15b?d=https%3A%2F%2Fidenticons.github.com%2Fa9e602aac616e7ce37eda358461ded12.png&r=x",
      "gravatar_id": "deafc512dd0c1c22006665bcea88f15b",
      "url": "https://api.github.com/users/ceymard",
      "html_url": "https://github.com/ceymard",
      "followers_url": "https://api.github.com/users/ceymard/followers",
      "following_url": "https://api.github.com/users/ceymard/following{/other_user}",
      "gists_url": "https://api.github.com/users/ceymard/gists{/gist_id}",
      "starred_url": "https://api.github.com/users/ceymard/starred{/owner}{/repo}",
      "subscriptions_url": "https://api.github.com/users/ceymard/subscriptions",
      "organizations_url": "https://api.github.com/users/ceymard/orgs",
      "repos_url": "https://api.github.com/users/ceymard/repos",
      "events_url": "https://api.github.com/users/ceymard/events{/privacy}",
      "received_events_url": "https://api.github.com/users/ceymard/received_events",
      "type": "User",
      "site_admin": false
    },
    "labels": [],
    "state": "open",
    "assignee": null,
    "milestone": null,
    "comments": 0,
    "created_at": "2014-01-29T16:04:24Z",
    "updated_at": "2014-01-29T16:04:24Z",
    "closed_at": null,
    "pull_request": {
      "html_url": null,
      "diff_url": null,
      "patch_url": null
    },
    "body": "Since it is not in the docs, I am a little wary of using it in my directives.\r\n\r\nI am however in the need of using it, since I would like to be able to do multiple transclusion in some cases.\r\n\r\nSo there it is ; can I safely use it without fear of seeing my directives get broken in the future ?"
  },
  {
    "url": "https://api.github.com/repos/angular/angular.js/issues/6041",
    "labels_url": "https://api.github.com/repos/angular/angular.js/issues/6041/labels{/name}",
    "comments_url": "https://api.github.com/repos/angular/angular.js/issues/6041/comments",
    "events_url": "https://api.github.com/repos/angular/angular.js/issues/6041/events",
    "html_url": "https://github.com/angular/angular.js/issues/6041",
    "id": 26524930,
    "number": 6041,
    "title": "oldCollection always .equals(); never === to newCollection in $watchCollection",
    "user": {
      "login": "dukehoops",
      "id": 764345,
      "avatar_url": "https://gravatar.com/avatar/d7e2ac1ac9e96e7c7655b06473a1a54e?d=https%3A%2F%2Fidenticons.github.com%2F6f3613f5762bc80166cbb10d17a0522d.png&r=x",
      "gravatar_id": "d7e2ac1ac9e96e7c7655b06473a1a54e",
      "url": "https://api.github.com/users/dukehoops",
      "html_url": "https://github.com/dukehoops",
      "followers_url": "https://api.github.com/users/dukehoops/followers",
      "following_url": "https://api.github.com/users/dukehoops/following{/other_user}",
      "gists_url": "https://api.github.com/users/dukehoops/gists{/gist_id}",
      "starred_url": "https://api.github.com/users/dukehoops/starred{/owner}{/repo}",
      "subscriptions_url": "https://api.github.com/users/dukehoops/subscriptions",
      "organizations_url": "https://api.github.com/users/dukehoops/orgs",
      "repos_url": "https://api.github.com/users/dukehoops/repos",
      "events_url": "https://api.github.com/users/dukehoops/events{/privacy}",
      "received_events_url": "https://api.github.com/users/dukehoops/received_events",
      "type": "User",
      "site_admin": false
    },
    "labels": [],
    "state": "open",
    "assignee": null,
    "milestone": null,
    "comments": 0,
    "created_at": "2014-01-29T14:52:42Z",
    "updated_at": "2014-01-29T14:52:42Z",
    "closed_at": null,
    "pull_request": {
      "html_url": null,
      "diff_url": null,
      "patch_url": null
    },
    "body": "Docs for $watchCollection 's listener say: \r\n\r\n> listener a callback function that is\r\n> * fired with both the `newCollection` and `oldCollection` as parameters.\r\n> * The `newCollection` object is the newly modified data obtained from the `obj` expression\r\n> * and the `oldCollection` object is a copy of the former collection data.\r\n\r\nIn my demo (http://plnkr.co/edit/WXGn5LaoiJmLzJ8rMImQ?p=preview - open JS console) I see:\r\n1. (bug) oldCollection always .equals() newCollection - even when array is mutated or replaced altogether \r\n2. (perhaps design flaw) oldCollection !== newCollection on first invocation - unlike in $watch. IMO behavior should be consistent between the two methods and on first invocation oldCollection must be === newCollection - to be able to easily tell that it is - in fact - first invocation"
  },
  {
    "url": "https://api.github.com/repos/angular/angular.js/issues/6040",
    "labels_url": "https://api.github.com/repos/angular/angular.js/issues/6040/labels{/name}",
    "comments_url": "https://api.github.com/repos/angular/angular.js/issues/6040/comments",
    "events_url": "https://api.github.com/repos/angular/angular.js/issues/6040/events",
    "html_url": "https://github.com/angular/angular.js/pull/6040",
    "id": 26522480,
    "number": 6040,
    "title": "fix(directive): Issue 5893",
    "user": {
      "login": "maklemenz",
      "id": 1707463,
      "avatar_url": "https://gravatar.com/avatar/7664d62d55cdef6cb04c7514338b2d37?d=https%3A%2F%2Fidenticons.github.com%2Fcf2f1558a5af5cd945b1a5f17607573c.png&r=x",
      "gravatar_id": "7664d62d55cdef6cb04c7514338b2d37",
      "url": "https://api.github.com/users/maklemenz",
      "html_url": "https://github.com/maklemenz",
      "followers_url": "https://api.github.com/users/maklemenz/followers",
      "following_url": "https://api.github.com/users/maklemenz/following{/other_user}",
      "gists_url": "https://api.github.com/users/maklemenz/gists{/gist_id}",
      "starred_url": "https://api.github.com/users/maklemenz/starred{/owner}{/repo}",
      "subscriptions_url": "https://api.github.com/users/maklemenz/subscriptions",
      "organizations_url": "https://api.github.com/users/maklemenz/orgs",
      "repos_url": "https://api.github.com/users/maklemenz/repos",
      "events_url": "https://api.github.com/users/maklemenz/events{/privacy}",
      "received_events_url": "https://api.github.com/users/maklemenz/received_events",
      "type": "User",
      "site_admin": false
    },
    "labels": [
      {
        "url": "https://api.github.com/repos/angular/angular.js/labels/cla%3A+no",
        "name": "cla: no",
        "color": "f7c6c7"
      }
    ],
    "state": "open",
    "assignee": null,
    "milestone": null,
    "comments": 2,
    "created_at": "2014-01-29T14:16:34Z",
    "updated_at": "2014-01-29T23:13:59Z",
    "closed_at": null,
    "pull_request": {
      "html_url": "https://github.com/angular/angular.js/pull/6040",
      "diff_url": "https://github.com/angular/angular.js/pull/6040.diff",
      "patch_url": "https://github.com/angular/angular.js/pull/6040.patch"
    },
    "body": "Solves #5893\r\nThis should not break any existing applications, but there is an API-change: you can inject $requiredControllers in your directive controller, too."
  },
  {
    "url": "https://api.github.com/repos/angular/angular.js/issues/6039",
    "labels_url": "https://api.github.com/repos/angular/angular.js/issues/6039/labels{/name}",
    "comments_url": "https://api.github.com/repos/angular/angular.js/issues/6039/comments",
    "events_url": "https://api.github.com/repos/angular/angular.js/issues/6039/events",
    "html_url": "https://github.com/angular/angular.js/issues/6039",
    "id": 26519139,
    "number": 6039,
    "title": "AngularJS has different request data format from Jquery when send almost same post call",
    "user": {
      "login": "wahyd4",
      "id": 836576,
      "avatar_url": "https://gravatar.com/avatar/2847d091d0c2b0822310e962a613590a?d=https%3A%2F%2Fidenticons.github.com%2F87a91c96f54db6f6b4bcfbba5da654cb.png&r=x",
      "gravatar_id": "2847d091d0c2b0822310e962a613590a",
      "url": "https://api.github.com/users/wahyd4",
      "html_url": "https://github.com/wahyd4",
      "followers_url": "https://api.github.com/users/wahyd4/followers",
      "following_url": "https://api.github.com/users/wahyd4/following{/other_user}",
      "gists_url": "https://api.github.com/users/wahyd4/gists{/gist_id}",
      "starred_url": "https://api.github.com/users/wahyd4/starred{/owner}{/repo}",
      "subscriptions_url": "https://api.github.com/users/wahyd4/subscriptions",
      "organizations_url": "https://api.github.com/users/wahyd4/orgs",
      "repos_url": "https://api.github.com/users/wahyd4/repos",
      "events_url": "https://api.github.com/users/wahyd4/events{/privacy}",
      "received_events_url": "https://api.github.com/users/wahyd4/received_events",
      "type": "User",
      "site_admin": false
    },
    "labels": [],
    "state": "open",
    "assignee": null,
    "milestone": null,
    "comments": 0,
    "created_at": "2014-01-29T13:19:09Z",
    "updated_at": "2014-01-29T13:20:26Z",
    "closed_at": null,
    "pull_request": {
      "html_url": null,
      "diff_url": null,
      "patch_url": null
    },
    "body": "I was tried to use AngularJS $http and coffeescript  to send a cross domain post request. I've already changed the server side to make it available for cross domain request.  \r\n**The question is when I was using Angular js to send request I found the request     data is different from the request sent by Jquery.**  \r\n\r\n### Angular\r\n\r\n```coffeescript\r\nlogin: (user, callback)=>\r\n    baseUrl = 'http://localhost:3000/api/v1/sessions'\r\n    @$http({\r\n      method: 'POST',\r\n      url: baseUrl,\r\n      data: {\r\n        \"user\":{\r\n          \"email\":\"wahxxx@gmail.com\",\r\n          \"password\":\"123456\"\r\n        }\r\n      },\r\n      headers:\r\n        'Content-Type': 'application/x-www-form-urlencoded'\r\n    }).success (result)->\r\n      callback(result)\r\n```\r\nthen I got \r\n![qq20140129-2 2x](https://f.cloud.github.com/assets/836576/2029556/2a74bd94-88e7-11e3-82df-5c8e1ced1490.png)\r\n\r\n\r\n### Jquery\r\n```javascript\r\n$.ajax({\r\n      type: \"POST\",\r\n      url: \"http://localhost:3000/api/v1/sessions\",\r\n      data: {\r\n        \"user\":{\r\n          \"email\":\"wahxxx@gmail.com\",\r\n          \"password\":\"123456\"\r\n        }\r\n      },\r\n      success: function(){\r\n\r\n      }\r\n```\r\nThen it works well, this request data format is what I want.\r\n![qq20140129-1 2x](https://f.cloud.github.com/assets/836576/2029570/735ce004-88e7-11e3-8482-4b49774ea234.png)\r\n\r\n**I don't whether it's an issue, hope someone can help me out.**\r\nThere is same question I posted on stackoverflow: [http://stackoverflow.com/questions/21400743/angularjs-cant-send-post-request-with-content-typeapplication-json](http://stackoverflow.com/questions/21400743/angularjs-cant-send-post-request-with-content-typeapplication-json)"
  },
  {
    "url": "https://api.github.com/repos/angular/angular.js/issues/6037",
    "labels_url": "https://api.github.com/repos/angular/angular.js/issues/6037/labels{/name}",
    "comments_url": "https://api.github.com/repos/angular/angular.js/issues/6037/comments",
    "events_url": "https://api.github.com/repos/angular/angular.js/issues/6037/events",
    "html_url": "https://github.com/angular/angular.js/issues/6037",
    "id": 26512367,
    "number": 6037,
    "title": "API Docs are throwing an error",
    "user": {
      "login": "pjstarifa",
      "id": 729613,
      "avatar_url": "https://gravatar.com/avatar/3bb38f66f79ca138f318af89fe6b02ec?d=https%3A%2F%2Fidenticons.github.com%2F125d03be6a02b1439a0acfa499db46c0.png&r=x",
      "gravatar_id": "3bb38f66f79ca138f318af89fe6b02ec",
      "url": "https://api.github.com/users/pjstarifa",
      "html_url": "https://github.com/pjstarifa",
      "followers_url": "https://api.github.com/users/pjstarifa/followers",
      "following_url": "https://api.github.com/users/pjstarifa/following{/other_user}",
      "gists_url": "https://api.github.com/users/pjstarifa/gists{/gist_id}",
      "starred_url": "https://api.github.com/users/pjstarifa/starred{/owner}{/repo}",
      "subscriptions_url": "https://api.github.com/users/pjstarifa/subscriptions",
      "organizations_url": "https://api.github.com/users/pjstarifa/orgs",
      "repos_url": "https://api.github.com/users/pjstarifa/repos",
      "events_url": "https://api.github.com/users/pjstarifa/events{/privacy}",
      "received_events_url": "https://api.github.com/users/pjstarifa/received_events",
      "type": "User",
      "site_admin": false
    },
    "labels": [],
    "state": "open",
    "assignee": null,
    "milestone": null,
    "comments": 0,
    "created_at": "2014-01-29T11:04:18Z",
    "updated_at": "2014-01-29T11:04:18Z",
    "closed_at": null,
    "pull_request": {
      "html_url": null,
      "diff_url": null,
      "patch_url": null
    },
    "body": "When I navigate to the API docs at http://docs.angularjs.org/api/ I get the following error:\r\n\r\nTypeError: Cannot call method 'push' of undefined\r\n    at http://docs.angularjs.org/js/docs.js:653:28\r\n\r\n"
  },
  {
    "url": "https://api.github.com/repos/angular/angular.js/issues/6034",
    "labels_url": "https://api.github.com/repos/angular/angular.js/issues/6034/labels{/name}",
    "comments_url": "https://api.github.com/repos/angular/angular.js/issues/6034/comments",
    "events_url": "https://api.github.com/repos/angular/angular.js/issues/6034/events",
    "html_url": "https://github.com/angular/angular.js/issues/6034",
    "id": 26494012,
    "number": 6034,
    "title": "Add warning message when a module is reset/replaced",
    "user": {
      "login": "mark0978",
      "id": 106150,
      "avatar_url": "https://gravatar.com/avatar/029c27bf089bdee7f80eced4f8e882c4?d=https%3A%2F%2Fidenticons.github.com%2F1f77e0414aeb5c32395ded72c27c6ea2.png&r=x",
      "gravatar_id": "029c27bf089bdee7f80eced4f8e882c4",
      "url": "https://api.github.com/users/mark0978",
      "html_url": "https://github.com/mark0978",
      "followers_url": "https://api.github.com/users/mark0978/followers",
      "following_url": "https://api.github.com/users/mark0978/following{/other_user}",
      "gists_url": "https://api.github.com/users/mark0978/gists{/gist_id}",
      "starred_url": "https://api.github.com/users/mark0978/starred{/owner}{/repo}",
      "subscriptions_url": "https://api.github.com/users/mark0978/subscriptions",
      "organizations_url": "https://api.github.com/users/mark0978/orgs",
      "repos_url": "https://api.github.com/users/mark0978/repos",
      "events_url": "https://api.github.com/users/mark0978/events{/privacy}",
      "received_events_url": "https://api.github.com/users/mark0978/received_events",
      "type": "User",
      "site_admin": false
    },
    "labels": [
      {
        "url": "https://api.github.com/repos/angular/angular.js/labels/PRs+plz%21",
        "name": "PRs plz!",
        "color": "02d7e1"
      },
      {
        "url": "https://api.github.com/repos/angular/angular.js/labels/complexity%3A+small",
        "name": "complexity: small",
        "color": "bfe5bf"
      },
      {
        "url": "https://api.github.com/repos/angular/angular.js/labels/gh%3A+issue",
        "name": "gh: issue",
        "color": "5319e7"
      },
      {
        "url": "https://api.github.com/repos/angular/angular.js/labels/component%3A+di",
        "name": "component: di",
        "color": "d4c5f9"
      }
    ],
    "state": "open",
    "assignee": null,
    "milestone": null,
    "comments": 0,
    "created_at": "2014-01-29T02:21:10Z",
    "updated_at": "2014-01-29T02:34:07Z",
    "closed_at": null,
    "pull_request": {
      "html_url": null,
      "diff_url": null,
      "patch_url": null
    },
    "body": "Right now if you do something stupid like\r\n\r\n```\r\nfoo.js:  angular.module('modname', []).directive(......\r\n\r\nbar.js:  angular.module('modname', []).directive(......\r\n````\r\n\r\nThe second statement wipes the first one from memory without any warning.  It would be good if you could get some clue that something has been done wrong.  Like\r\n\r\n```\r\n$log.warn(\"Module modname is being replaced\");\r\n```"
  },
  {
    "url": "https://api.github.com/repos/angular/angular.js/issues/6033",
    "labels_url": "https://api.github.com/repos/angular/angular.js/issues/6033/labels{/name}",
    "comments_url": "https://api.github.com/repos/angular/angular.js/issues/6033/comments",
    "events_url": "https://api.github.com/repos/angular/angular.js/issues/6033/events",
    "html_url": "https://github.com/angular/angular.js/pull/6033",
    "id": 26490760,
    "number": 6033,
    "title": "fix(shallowCopy) logic error where '$foo' would be ignored",
    "user": {
      "login": "basarat",
      "id": 874898,
      "avatar_url": "https://gravatar.com/avatar/1400be56ff17549b926dd3260da4a494?d=https%3A%2F%2Fidenticons.github.com%2Faf4f0bcb2b83b9c208d8330c2e7215f6.png&r=x",
      "gravatar_id": "1400be56ff17549b926dd3260da4a494",
      "url": "https://api.github.com/users/basarat",
      "html_url": "https://github.com/basarat",
      "followers_url": "https://api.github.com/users/basarat/followers",
      "following_url": "https://api.github.com/users/basarat/following{/other_user}",
      "gists_url": "https://api.github.com/users/basarat/gists{/gist_id}",
      "starred_url": "https://api.github.com/users/basarat/starred{/owner}{/repo}",
      "subscriptions_url": "https://api.github.com/users/basarat/subscriptions",
      "organizations_url": "https://api.github.com/users/basarat/orgs",
      "repos_url": "https://api.github.com/users/basarat/repos",
      "events_url": "https://api.github.com/users/basarat/events{/privacy}",
      "received_events_url": "https://api.github.com/users/basarat/received_events",
      "type": "User",
      "site_admin": false
    },
    "labels": [
      {
        "url": "https://api.github.com/repos/angular/angular.js/labels/cla%3A+yes",
        "name": "cla: yes",
        "color": "bfe5bf"
      }
    ],
    "state": "open",
    "assignee": null,
    "milestone": null,
    "comments": 0,
    "created_at": "2014-01-29T01:01:12Z",
    "updated_at": "2014-01-29T01:14:21Z",
    "closed_at": null,
    "pull_request": {
      "html_url": "https://github.com/angular/angular.js/pull/6033",
      "diff_url": "https://github.com/angular/angular.js/pull/6033.diff",
      "patch_url": "https://github.com/angular/angular.js/pull/6033.patch"
    },
    "body": "Introduced in this commit : https://github.com/angular/angular.js/commit/cb29632a5802e930262919b3db64ca4806c5cfc7 "
  },
  {
    "url": "https://api.github.com/repos/angular/angular.js/issues/6032",
    "labels_url": "https://api.github.com/repos/angular/angular.js/issues/6032/labels{/name}",
    "comments_url": "https://api.github.com/repos/angular/angular.js/issues/6032/comments",
    "events_url": "https://api.github.com/repos/angular/angular.js/issues/6032/events",
    "html_url": "https://github.com/angular/angular.js/issues/6032",
    "id": 26489860,
    "number": 6032,
    "title": "emailInputType should support `multiple` attribute, similar to ngList",
    "user": {
      "login": "caitp",
      "id": 2294695,
      "avatar_url": "https://gravatar.com/avatar/bf1b0db965c4015382f468b96b72d87e?d=https%3A%2F%2Fidenticons.github.com%2F7a9c619f4cd7c3e14cff71a41a006060.png&r=x",
      "gravatar_id": "bf1b0db965c4015382f468b96b72d87e",
      "url": "https://api.github.com/users/caitp",
      "html_url": "https://github.com/caitp",
      "followers_url": "https://api.github.com/users/caitp/followers",
      "following_url": "https://api.github.com/users/caitp/following{/other_user}",
      "gists_url": "https://api.github.com/users/caitp/gists{/gist_id}",
      "starred_url": "https://api.github.com/users/caitp/starred{/owner}{/repo}",
      "subscriptions_url": "https://api.github.com/users/caitp/subscriptions",
      "organizations_url": "https://api.github.com/users/caitp/orgs",
      "repos_url": "https://api.github.com/users/caitp/repos",
      "events_url": "https://api.github.com/users/caitp/events{/privacy}",
      "received_events_url": "https://api.github.com/users/caitp/received_events",
      "type": "User",
      "site_admin": false
    },
    "labels": [],
    "state": "open",
    "assignee": null,
    "milestone": {
      "url": "https://api.github.com/repos/angular/angular.js/milestones/27",
      "labels_url": "https://api.github.com/repos/angular/angular.js/milestones/27/labels",
      "id": 489171,
      "number": 27,
      "title": "Backlog",
      "description": "Holds the backlog of issues and pull requests that have been triaged.\r\n\r\nBefore assigning items to this milestone they should be labelled, at the very least with the correct \"type\" label (i.e. \"issue\", \"pr\", \"bug\", \"regression\", \"chore\", \"docs\", etc).  Preferably you should also check for duplicate issues/PRs, note CLA status and assign \"complexity\" and \"impact\" labels too.",
      "creator": {
        "login": "IgorMinar",
        "id": 216296,
        "avatar_url": "https://gravatar.com/avatar/fc5dc0d579fb554752763792a2d5f449?d=https%3A%2F%2Fidenticons.github.com%2Faa9c063177ca69eec92c9dda4e7aec59.png&r=x",
        "gravatar_id": "fc5dc0d579fb554752763792a2d5f449",
        "url": "https://api.github.com/users/IgorMinar",
        "html_url": "https://github.com/IgorMinar",
        "followers_url": "https://api.github.com/users/IgorMinar/followers",
        "following_url": "https://api.github.com/users/IgorMinar/following{/other_user}",
        "gists_url": "https://api.github.com/users/IgorMinar/gists{/gist_id}",
        "starred_url": "https://api.github.com/users/IgorMinar/starred{/owner}{/repo}",
        "subscriptions_url": "https://api.github.com/users/IgorMinar/subscriptions",
        "organizations_url": "https://api.github.com/users/IgorMinar/orgs",
        "repos_url": "https://api.github.com/users/IgorMinar/repos",
        "events_url": "https://api.github.com/users/IgorMinar/events{/privacy}",
        "received_events_url": "https://api.github.com/users/IgorMinar/received_events",
        "type": "User",
        "site_admin": false
      },
      "open_issues": 461,
      "closed_issues": 88,
      "state": "open",
      "created_at": "2013-11-18T23:30:35Z",
      "updated_at": "2014-01-29T00:41:34Z",
      "due_on": null
    },
    "comments": 0,
    "created_at": "2014-01-29T00:41:34Z",
    "updated_at": "2014-01-29T00:41:34Z",
    "closed_at": null,
    "pull_request": {
      "html_url": null,
      "diff_url": null,
      "patch_url": null
    },
    "body": "The HTML5 standard gives email inputs a multiple attribute, which causes multiple emails to be parsed, and causes HTML5 constraint validation to behave differently. It would be good to be able to use ngList-ish behaviour using the proper HTML5 attribute.\r\n\r\nIt's maybe just a kind of nice thing to add"
  },
  {
    "url": "https://api.github.com/repos/angular/angular.js/issues/6030",
    "labels_url": "https://api.github.com/repos/angular/angular.js/issues/6030/labels{/name}",
    "comments_url": "https://api.github.com/repos/angular/angular.js/issues/6030/comments",
    "events_url": "https://api.github.com/repos/angular/angular.js/issues/6030/events",
    "html_url": "https://github.com/angular/angular.js/issues/6030",
    "id": 26487822,
    "number": 6030,
    "title": "SVGAnimatedString handling in animatedRun()",
    "user": {
      "login": "shirro",
      "id": 203445,
      "avatar_url": "https://gravatar.com/avatar/d7fffeb682073a2cfb76e7114e6b08d8?d=https%3A%2F%2Fidenticons.github.com%2F0044c777bfead9d4d026906f07d02bae.png&r=x",
      "gravatar_id": "d7fffeb682073a2cfb76e7114e6b08d8",
      "url": "https://api.github.com/users/shirro",
      "html_url": "https://github.com/shirro",
      "followers_url": "https://api.github.com/users/shirro/followers",
      "following_url": "https://api.github.com/users/shirro/following{/other_user}",
      "gists_url": "https://api.github.com/users/shirro/gists{/gist_id}",
      "starred_url": "https://api.github.com/users/shirro/starred{/owner}{/repo}",
      "subscriptions_url": "https://api.github.com/users/shirro/subscriptions",
      "organizations_url": "https://api.github.com/users/shirro/orgs",
      "repos_url": "https://api.github.com/users/shirro/repos",
      "events_url": "https://api.github.com/users/shirro/events{/privacy}",
      "received_events_url": "https://api.github.com/users/shirro/received_events",
      "type": "User",
      "site_admin": false
    },
    "labels": [
      {
        "url": "https://api.github.com/repos/angular/angular.js/labels/type%3A+bug",
        "name": "type: bug",
        "color": "000000"
      },
      {
        "url": "https://api.github.com/repos/angular/angular.js/labels/impact%3A+small",
        "name": "impact: small",
        "color": "bfe5bf"
      },
      {
        "url": "https://api.github.com/repos/angular/angular.js/labels/complexity%3A+small",
        "name": "complexity: small",
        "color": "bfe5bf"
      },
      {
        "url": "https://api.github.com/repos/angular/angular.js/labels/gh%3A+issue",
        "name": "gh: issue",
        "color": "5319e7"
      },
      {
        "url": "https://api.github.com/repos/angular/angular.js/labels/component%3A+ngAnimate",
        "name": "component: ngAnimate",
        "color": "bfdadc"
      }
    ],
    "state": "open",
    "assignee": null,
    "milestone": {
      "url": "https://api.github.com/repos/angular/angular.js/milestones/27",
      "labels_url": "https://api.github.com/repos/angular/angular.js/milestones/27/labels",
      "id": 489171,
      "number": 27,
      "title": "Backlog",
      "description": "Holds the backlog of issues and pull requests that have been triaged.\r\n\r\nBefore assigning items to this milestone they should be labelled, at the very least with the correct \"type\" label (i.e. \"issue\", \"pr\", \"bug\", \"regression\", \"chore\", \"docs\", etc).  Preferably you should also check for duplicate issues/PRs, note CLA status and assign \"complexity\" and \"impact\" labels too.",
      "creator": {
        "login": "IgorMinar",
        "id": 216296,
        "avatar_url": "https://gravatar.com/avatar/fc5dc0d579fb554752763792a2d5f449?d=https%3A%2F%2Fidenticons.github.com%2Faa9c063177ca69eec92c9dda4e7aec59.png&r=x",
        "gravatar_id": "fc5dc0d579fb554752763792a2d5f449",
        "url": "https://api.github.com/users/IgorMinar",
        "html_url": "https://github.com/IgorMinar",
        "followers_url": "https://api.github.com/users/IgorMinar/followers",
        "following_url": "https://api.github.com/users/IgorMinar/following{/other_user}",
        "gists_url": "https://api.github.com/users/IgorMinar/gists{/gist_id}",
        "starred_url": "https://api.github.com/users/IgorMinar/starred{/owner}{/repo}",
        "subscriptions_url": "https://api.github.com/users/IgorMinar/subscriptions",
        "organizations_url": "https://api.github.com/users/IgorMinar/orgs",
        "repos_url": "https://api.github.com/users/IgorMinar/repos",
        "events_url": "https://api.github.com/users/IgorMinar/events{/privacy}",
        "received_events_url": "https://api.github.com/users/IgorMinar/received_events",
        "type": "User",
        "site_admin": false
      },
      "open_issues": 461,
      "closed_issues": 88,
      "state": "open",
      "created_at": "2013-11-18T23:30:35Z",
      "updated_at": "2014-01-29T00:41:34Z",
      "due_on": null
    },
    "comments": 2,
    "created_at": "2014-01-28T23:58:16Z",
    "updated_at": "2014-01-29T00:48:53Z",
    "closed_at": null,
    "pull_request": {
      "html_url": null,
      "diff_url": null,
      "patch_url": null
    },
    "body": "animateRun() in angular-animate.js doesn't handle SVGAnimatedString giving undefined indexOf method messages when changing classes on SVG nodes.\r\n\r\nI wasn't confident to submit a pull request but the following patch seems to work around it for me.\r\n\r\n```\r\n--- ../../vendor/angular.js/build/angular-animate.js\t2014-01-28 01:45:13.000000000 +1030\r\n+++ angular-animate.js\t2014-01-29 10:21:04.000000000 +1030\r\n@@ -1217,7 +1217,11 @@\r\n       function animateRun(element, className, activeAnimationComplete) {\r\n         var elementData = element.data(NG_ANIMATE_CSS_DATA_KEY);\r\n         var node = extractElementNode(element);\r\n-        if(node.className.indexOf(className) == -1 || !elementData) {\r\n+        var nodeClassName = node.className;\r\n+        if (angular.isObject(nodeClassName) && nodeClassName.toString() === '[object SVGAnimatedString]') {\r\n+                  nodeClassName = nodeClassName.baseVal;\r\n+        }\r\n+        if(nodeClassName.indexOf(className) == -1 || !elementData) {\r\n           activeAnimationComplete();\r\n           return;\r\n         }\r\n```"
  },
  {
    "url": "https://api.github.com/repos/angular/angular.js/issues/6029",
    "labels_url": "https://api.github.com/repos/angular/angular.js/issues/6029/labels{/name}",
    "comments_url": "https://api.github.com/repos/angular/angular.js/issues/6029/comments",
    "events_url": "https://api.github.com/repos/angular/angular.js/issues/6029/events",
    "html_url": "https://github.com/angular/angular.js/issues/6029",
    "id": 26482877,
    "number": 6029,
    "title": "fix(docs): version drop down should be naturally sorted",
    "user": {
      "login": "eddiemonge",
      "id": 127535,
      "avatar_url": "https://gravatar.com/avatar/08a01ffbfa6e039295208f023dec0dae?d=https%3A%2F%2Fidenticons.github.com%2F02c75bc77fd4c359a4395af0cd9f8262.png&r=x",
      "gravatar_id": "08a01ffbfa6e039295208f023dec0dae",
      "url": "https://api.github.com/users/eddiemonge",
      "html_url": "https://github.com/eddiemonge",
      "followers_url": "https://api.github.com/users/eddiemonge/followers",
      "following_url": "https://api.github.com/users/eddiemonge/following{/other_user}",
      "gists_url": "https://api.github.com/users/eddiemonge/gists{/gist_id}",
      "starred_url": "https://api.github.com/users/eddiemonge/starred{/owner}{/repo}",
      "subscriptions_url": "https://api.github.com/users/eddiemonge/subscriptions",
      "organizations_url": "https://api.github.com/users/eddiemonge/orgs",
      "repos_url": "https://api.github.com/users/eddiemonge/repos",
      "events_url": "https://api.github.com/users/eddiemonge/events{/privacy}",
      "received_events_url": "https://api.github.com/users/eddiemonge/received_events",
      "type": "User",
      "site_admin": false
    },
    "labels": [],
    "state": "open",
    "assignee": null,
    "milestone": null,
    "comments": 0,
    "created_at": "2014-01-28T22:38:06Z",
    "updated_at": "2014-01-28T22:38:06Z",
    "closed_at": null,
    "pull_request": {
      "html_url": null,
      "diff_url": null,
      "patch_url": null
    },
    "body": "The drop down should be naturally sorted instead of computer sorted\r\n\r\n![angularjs__ngshow](https://f.cloud.github.com/assets/127535/2024680/cd410bca-886c-11e3-9011-f165e6a72498.png)"
  },
  {
    "url": "https://api.github.com/repos/angular/angular.js/issues/6028",
    "labels_url": "https://api.github.com/repos/angular/angular.js/issues/6028/labels{/name}",
    "comments_url": "https://api.github.com/repos/angular/angular.js/issues/6028/comments",
    "events_url": "https://api.github.com/repos/angular/angular.js/issues/6028/events",
    "html_url": "https://github.com/angular/angular.js/issues/6028",
    "id": 26481823,
    "number": 6028,
    "title": "ngMock $httpBackend - possible to remove from definitions?",
    "user": {
      "login": "hasdavidc",
      "id": 4933068,
      "avatar_url": "https://gravatar.com/avatar/c2dbe93fed7dde8fd113bd0c143e4d4d?d=https%3A%2F%2Fidenticons.github.com%2F433c658dd2488e4df8d5956fc7e13a45.png&r=x",
      "gravatar_id": "c2dbe93fed7dde8fd113bd0c143e4d4d",
      "url": "https://api.github.com/users/hasdavidc",
      "html_url": "https://github.com/hasdavidc",
      "followers_url": "https://api.github.com/users/hasdavidc/followers",
      "following_url": "https://api.github.com/users/hasdavidc/following{/other_user}",
      "gists_url": "https://api.github.com/users/hasdavidc/gists{/gist_id}",
      "starred_url": "https://api.github.com/users/hasdavidc/starred{/owner}{/repo}",
      "subscriptions_url": "https://api.github.com/users/hasdavidc/subscriptions",
      "organizations_url": "https://api.github.com/users/hasdavidc/orgs",
      "repos_url": "https://api.github.com/users/hasdavidc/repos",
      "events_url": "https://api.github.com/users/hasdavidc/events{/privacy}",
      "received_events_url": "https://api.github.com/users/hasdavidc/received_events",
      "type": "User",
      "site_admin": false
    },
    "labels": [],
    "state": "open",
    "assignee": null,
    "milestone": null,
    "comments": 0,
    "created_at": "2014-01-28T22:22:06Z",
    "updated_at": "2014-01-28T22:22:06Z",
    "closed_at": null,
    "pull_request": {
      "html_url": null,
      "diff_url": null,
      "patch_url": null
    },
    "body": "Would it be possible to get $httpBackend to include some sort of \"remove\" or \"clear\" method?\r\n\r\nI have unit tests where all scenarios except one use a set of mock requests and responses. I'd like to just do 1 beforeEach that applies to all tests, then override the responses for the 1 special case scenario.\r\n\r\nDesired:\r\n\r\n```\r\nbeforeEach(function() {\r\n    //set up mock requests/responses\r\n});\r\n\r\ndescribe('normal case', function() { ... });\r\ndescribe('normal case', function() { ... });\r\ndescribe('normal case', function() { ... });\r\ndescribe('normal case', function() {\r\n    describe('special case', function() {\r\n        beforeEach(function() {\r\n            //override mock requests/responses\r\n        });\r\n    });\r\n});\r\n```\r\n\r\nAs far as I can tell, there is no good way to override (since 'when' appends to the 'definitions' array: https://github.com/angular/angular.js/blob/7aef2d54e0a48fae18a289813f699962d8310565/src/ngMock/angular-mocks.js#L1240 and the iteration always finds the first match: https://github.com/angular/angular.js/blob/7aef2d54e0a48fae18a289813f699962d8310565/src/ngMock/angular-mocks.js#L1186-L1196 ), so I'd have to restructure to do something like this:\r\n\r\n```\r\ndescribe('normal cases', function() {\r\n    beforeEach(function() {\r\n        //set up mock requests/responses\r\n    });\r\n\r\n    describe('normal case', function() { ... });\r\n    describe('normal case', function() { ... });\r\n    describe('normal case', function() { ... });\r\n});\r\n\r\ndescribe('special cases', function() {\r\n    beforeEach(function() {\r\n        //set up special case mock requests/responses\r\n    });\r\n    describe('special case', function() { ... });\r\n});\r\n```\r\n\r\nJust a thought. Would be more than happy to put in a PR"
  },
  {
    "url": "https://api.github.com/repos/angular/angular.js/issues/6027",
    "labels_url": "https://api.github.com/repos/angular/angular.js/issues/6027/labels{/name}",
    "comments_url": "https://api.github.com/repos/angular/angular.js/issues/6027/comments",
    "events_url": "https://api.github.com/repos/angular/angular.js/issues/6027/events",
    "html_url": "https://github.com/angular/angular.js/pull/6027",
    "id": 26480361,
    "number": 6027,
    "title": "chore(end2end): remove old references to the scenario runner and update ...",
    "user": {
      "login": "juliemr",
      "id": 2081709,
      "avatar_url": "https://gravatar.com/avatar/ec8150609d2d6616944b3751ef3309ec?d=https%3A%2F%2Fidenticons.github.com%2Ff1a5b527abe53c011e27c7c659d69267.png&r=x",
      "gravatar_id": "ec8150609d2d6616944b3751ef3309ec",
      "url": "https://api.github.com/users/juliemr",
      "html_url": "https://github.com/juliemr",
      "followers_url": "https://api.github.com/users/juliemr/followers",
      "following_url": "https://api.github.com/users/juliemr/following{/other_user}",
      "gists_url": "https://api.github.com/users/juliemr/gists{/gist_id}",
      "starred_url": "https://api.github.com/users/juliemr/starred{/owner}{/repo}",
      "subscriptions_url": "https://api.github.com/users/juliemr/subscriptions",
      "organizations_url": "https://api.github.com/users/juliemr/orgs",
      "repos_url": "https://api.github.com/users/juliemr/repos",
      "events_url": "https://api.github.com/users/juliemr/events{/privacy}",
      "received_events_url": "https://api.github.com/users/juliemr/received_events",
      "type": "User",
      "site_admin": false
    },
    "labels": [
      {
        "url": "https://api.github.com/repos/angular/angular.js/labels/cla%3A+yes",
        "name": "cla: yes",
        "color": "bfe5bf"
      }
    ],
    "state": "open",
    "assignee": null,
    "milestone": null,
    "comments": 0,
    "created_at": "2014-01-28T22:00:44Z",
    "updated_at": "2014-01-28T23:14:09Z",
    "closed_at": null,
    "pull_request": {
      "html_url": "https://github.com/angular/angular.js/pull/6027",
      "diff_url": "https://github.com/angular/angular.js/pull/6027.diff",
      "patch_url": "https://github.com/angular/angular.js/pull/6027.patch"
    },
    "body": "...to point to protractor"
  },
  {
    "url": "https://api.github.com/repos/angular/angular.js/issues/6026",
    "labels_url": "https://api.github.com/repos/angular/angular.js/issues/6026/labels{/name}",
    "comments_url": "https://api.github.com/repos/angular/angular.js/issues/6026/comments",
    "events_url": "https://api.github.com/repos/angular/angular.js/issues/6026/events",
    "html_url": "https://github.com/angular/angular.js/pull/6026",
    "id": 26477608,
    "number": 6026,
    "title": "email validation regexp update with tests",
    "user": {
      "login": "KevinBrogan",
      "id": 1428163,
      "avatar_url": "https://gravatar.com/avatar/291a82c2681c92e31bf28ca404ffce9c?d=https%3A%2F%2Fidenticons.github.com%2Fd0abfdd526fefdb1b22fd94c178b1f78.png&r=x",
      "gravatar_id": "291a82c2681c92e31bf28ca404ffce9c",
      "url": "https://api.github.com/users/KevinBrogan",
      "html_url": "https://github.com/KevinBrogan",
      "followers_url": "https://api.github.com/users/KevinBrogan/followers",
      "following_url": "https://api.github.com/users/KevinBrogan/following{/other_user}",
      "gists_url": "https://api.github.com/users/KevinBrogan/gists{/gist_id}",
      "starred_url": "https://api.github.com/users/KevinBrogan/starred{/owner}{/repo}",
      "subscriptions_url": "https://api.github.com/users/KevinBrogan/subscriptions",
      "organizations_url": "https://api.github.com/users/KevinBrogan/orgs",
      "repos_url": "https://api.github.com/users/KevinBrogan/repos",
      "events_url": "https://api.github.com/users/KevinBrogan/events{/privacy}",
      "received_events_url": "https://api.github.com/users/KevinBrogan/received_events",
      "type": "User",
      "site_admin": false
    },
    "labels": [
      {
        "url": "https://api.github.com/repos/angular/angular.js/labels/component%3A+forms",
        "name": "component: forms",
        "color": "7B947B"
      },
      {
        "url": "https://api.github.com/repos/angular/angular.js/labels/impact%3A+medium",
        "name": "impact: medium",
        "color": "fef2c0"
      },
      {
        "url": "https://api.github.com/repos/angular/angular.js/labels/complexity%3A+small",
        "name": "complexity: small",
        "color": "bfe5bf"
      },
      {
        "url": "https://api.github.com/repos/angular/angular.js/labels/cla%3A+no",
        "name": "cla: no",
        "color": "f7c6c7"
      },
      {
        "url": "https://api.github.com/repos/angular/angular.js/labels/gh%3A+PR",
        "name": "gh: PR",
        "color": "006b75"
      }
    ],
    "state": "open",
    "assignee": {
      "login": "caitp",
      "id": 2294695,
      "avatar_url": "https://gravatar.com/avatar/bf1b0db965c4015382f468b96b72d87e?d=https%3A%2F%2Fidenticons.github.com%2F7a9c619f4cd7c3e14cff71a41a006060.png&r=x",
      "gravatar_id": "bf1b0db965c4015382f468b96b72d87e",
      "url": "https://api.github.com/users/caitp",
      "html_url": "https://github.com/caitp",
      "followers_url": "https://api.github.com/users/caitp/followers",
      "following_url": "https://api.github.com/users/caitp/following{/other_user}",
      "gists_url": "https://api.github.com/users/caitp/gists{/gist_id}",
      "starred_url": "https://api.github.com/users/caitp/starred{/owner}{/repo}",
      "subscriptions_url": "https://api.github.com/users/caitp/subscriptions",
      "organizations_url": "https://api.github.com/users/caitp/orgs",
      "repos_url": "https://api.github.com/users/caitp/repos",
      "events_url": "https://api.github.com/users/caitp/events{/privacy}",
      "received_events_url": "https://api.github.com/users/caitp/received_events",
      "type": "User",
      "site_admin": false
    },
    "milestone": null,
    "comments": 2,
    "created_at": "2014-01-28T21:25:21Z",
    "updated_at": "2014-01-29T23:14:00Z",
    "closed_at": null,
    "pull_request": {
      "html_url": "https://github.com/angular/angular.js/pull/6026",
      "diff_url": "https://github.com/angular/angular.js/pull/6026.diff",
      "patch_url": "https://github.com/angular/angular.js/pull/6026.patch"
    },
    "body": "Added some improved testing and regexp matching to be a closer match to chromium and to rfc1035"
  },
  {
    "url": "https://api.github.com/repos/angular/angular.js/issues/6024",
    "labels_url": "https://api.github.com/repos/angular/angular.js/issues/6024/labels{/name}",
    "comments_url": "https://api.github.com/repos/angular/angular.js/issues/6024/comments",
    "events_url": "https://api.github.com/repos/angular/angular.js/issues/6024/events",
    "html_url": "https://github.com/angular/angular.js/pull/6024",
    "id": 26462871,
    "number": 6024,
    "title": "Update window.js",
    "user": {
      "login": "bcamp1973",
      "id": 27823,
      "avatar_url": "https://gravatar.com/avatar/fd32585830aa708089b20bc0e5787a8d?d=https%3A%2F%2Fidenticons.github.com%2Fb89f2e9bda166c97fa4afe09d24caba8.png&r=x",
      "gravatar_id": "fd32585830aa708089b20bc0e5787a8d",
      "url": "https://api.github.com/users/bcamp1973",
      "html_url": "https://github.com/bcamp1973",
      "followers_url": "https://api.github.com/users/bcamp1973/followers",
      "following_url": "https://api.github.com/users/bcamp1973/following{/other_user}",
      "gists_url": "https://api.github.com/users/bcamp1973/gists{/gist_id}",
      "starred_url": "https://api.github.com/users/bcamp1973/starred{/owner}{/repo}",
      "subscriptions_url": "https://api.github.com/users/bcamp1973/subscriptions",
      "organizations_url": "https://api.github.com/users/bcamp1973/orgs",
      "repos_url": "https://api.github.com/users/bcamp1973/repos",
      "events_url": "https://api.github.com/users/bcamp1973/events{/privacy}",
      "received_events_url": "https://api.github.com/users/bcamp1973/received_events",
      "type": "User",
      "site_admin": false
    },
    "labels": [
      {
        "url": "https://api.github.com/repos/angular/angular.js/labels/cla%3A+no",
        "name": "cla: no",
        "color": "f7c6c7"
      }
    ],
    "state": "open",
    "assignee": null,
    "milestone": null,
    "comments": 5,
    "created_at": "2014-01-28T18:07:09Z",
    "updated_at": "2014-01-29T23:14:02Z",
    "closed_at": null,
    "pull_request": {
      "html_url": "https://github.com/angular/angular.js/pull/6024",
      "diff_url": "https://github.com/angular/angular.js/pull/6024.diff",
      "patch_url": "https://github.com/angular/angular.js/pull/6024.patch"
    },
    "body": "docs($window): add bootstrap style to form button"
  },
  {
    "url": "https://api.github.com/repos/angular/angular.js/issues/6022",
    "labels_url": "https://api.github.com/repos/angular/angular.js/issues/6022/labels{/name}",
    "comments_url": "https://api.github.com/repos/angular/angular.js/issues/6022/comments",
    "events_url": "https://api.github.com/repos/angular/angular.js/issues/6022/events",
    "html_url": "https://github.com/angular/angular.js/pull/6022",
    "id": 26456872,
    "number": 6022,
    "title": "docs(CHANGELOG): add breaking change notice for 1.2.9 $http default headers change",
    "user": {
      "login": "caitp",
      "id": 2294695,
      "avatar_url": "https://gravatar.com/avatar/bf1b0db965c4015382f468b96b72d87e?d=https%3A%2F%2Fidenticons.github.com%2F7a9c619f4cd7c3e14cff71a41a006060.png&r=x",
      "gravatar_id": "bf1b0db965c4015382f468b96b72d87e",
      "url": "https://api.github.com/users/caitp",
      "html_url": "https://github.com/caitp",
      "followers_url": "https://api.github.com/users/caitp/followers",
      "following_url": "https://api.github.com/users/caitp/following{/other_user}",
      "gists_url": "https://api.github.com/users/caitp/gists{/gist_id}",
      "starred_url": "https://api.github.com/users/caitp/starred{/owner}{/repo}",
      "subscriptions_url": "https://api.github.com/users/caitp/subscriptions",
      "organizations_url": "https://api.github.com/users/caitp/orgs",
      "repos_url": "https://api.github.com/users/caitp/repos",
      "events_url": "https://api.github.com/users/caitp/events{/privacy}",
      "received_events_url": "https://api.github.com/users/caitp/received_events",
      "type": "User",
      "site_admin": false
    },
    "labels": [
      {
        "url": "https://api.github.com/repos/angular/angular.js/labels/cla%3A+yes",
        "name": "cla: yes",
        "color": "bfe5bf"
      }
    ],
    "state": "open",
    "assignee": null,
    "milestone": null,
    "comments": 0,
    "created_at": "2014-01-28T16:50:25Z",
    "updated_at": "2014-01-28T17:14:39Z",
    "closed_at": null,
    "pull_request": {
      "html_url": "https://github.com/angular/angular.js/pull/6022",
      "diff_url": "https://github.com/angular/angular.js/pull/6022.diff",
      "patch_url": "https://github.com/angular/angular.js/pull/6022.patch"
    },
    "body": "This commit is really a breaking change in some cases, as seen in #5997, so this needs to be clarified."
  },
  {
    "url": "https://api.github.com/repos/angular/angular.js/issues/6020",
    "labels_url": "https://api.github.com/repos/angular/angular.js/issues/6020/labels{/name}",
    "comments_url": "https://api.github.com/repos/angular/angular.js/issues/6020/comments",
    "events_url": "https://api.github.com/repos/angular/angular.js/issues/6020/events",
    "html_url": "https://github.com/angular/angular.js/issues/6020",
    "id": 26451154,
    "number": 6020,
    "title": "ng-animate: ng-enter class is removed too early",
    "user": {
      "login": "dallonf",
      "id": 346300,
      "avatar_url": "https://gravatar.com/avatar/ed55b8e21e864fd9594623e8771e2e8c?d=https%3A%2F%2Fidenticons.github.com%2Fd7293ff3e84ae6e4b58902b1b45595b4.png&r=x",
      "gravatar_id": "ed55b8e21e864fd9594623e8771e2e8c",
      "url": "https://api.github.com/users/dallonf",
      "html_url": "https://github.com/dallonf",
      "followers_url": "https://api.github.com/users/dallonf/followers",
      "following_url": "https://api.github.com/users/dallonf/following{/other_user}",
      "gists_url": "https://api.github.com/users/dallonf/gists{/gist_id}",
      "starred_url": "https://api.github.com/users/dallonf/starred{/owner}{/repo}",
      "subscriptions_url": "https://api.github.com/users/dallonf/subscriptions",
      "organizations_url": "https://api.github.com/users/dallonf/orgs",
      "repos_url": "https://api.github.com/users/dallonf/repos",
      "events_url": "https://api.github.com/users/dallonf/events{/privacy}",
      "received_events_url": "https://api.github.com/users/dallonf/received_events",
      "type": "User",
      "site_admin": false
    },
    "labels": [],
    "state": "open",
    "assignee": null,
    "milestone": null,
    "comments": 0,
    "created_at": "2014-01-28T15:43:21Z",
    "updated_at": "2014-01-28T15:43:21Z",
    "closed_at": null,
    "pull_request": {
      "html_url": null,
      "diff_url": null,
      "patch_url": null
    },
    "body": "I'm currently trying to make a slide-up animation, similar to an iPhone modal controller, where the new page slides up over the existing page. However, in my current implementation, the existing page actually flashes to fully visible (above the new page) just before the transition is complete and it looks really, really bad. Here's a demonstration: http://plnkr.co/VSp6OGgTqDF6gFwUuanT\r\n\r\nAs far as I can diagnose, this is because the ngAnimate service actually removes the \"ng-enter\" class from the new page before it removes the old page's element (which now has \"ng-leave\"). Since both \"ng-leave\" and \"ng-enter\" are set to \"position: absolute\", the moment that \"ng-enter\" is removed, the \"ng-leave\" element floats on top of it (because \"position: absolute\" always appears above \"position: static\").\r\n\r\nFiddling with the version numbers, it looks like this issue was introduced in v1.2.6.\r\n\r\nMy current workaround is to also add \"opacity: 0\" to \"ng-leave-active\" so that the old view fades out as the new one comes in, but it's not exactly the effect I was going for and I'd like to remove that fade out effect if possible."
  },
  {
    "url": "https://api.github.com/repos/angular/angular.js/issues/6019",
    "labels_url": "https://api.github.com/repos/angular/angular.js/issues/6019/labels{/name}",
    "comments_url": "https://api.github.com/repos/angular/angular.js/issues/6019/comments",
    "events_url": "https://api.github.com/repos/angular/angular.js/issues/6019/events",
    "html_url": "https://github.com/angular/angular.js/issues/6019",
    "id": 26450801,
    "number": 6019,
    "title": "ng-class does not play simple CSS transitions when ngAnimate is included",
    "user": {
      "login": "dallonf",
      "id": 346300,
      "avatar_url": "https://gravatar.com/avatar/ed55b8e21e864fd9594623e8771e2e8c?d=https%3A%2F%2Fidenticons.github.com%2Fd7293ff3e84ae6e4b58902b1b45595b4.png&r=x",
      "gravatar_id": "ed55b8e21e864fd9594623e8771e2e8c",
      "url": "https://api.github.com/users/dallonf",
      "html_url": "https://github.com/dallonf",
      "followers_url": "https://api.github.com/users/dallonf/followers",
      "following_url": "https://api.github.com/users/dallonf/following{/other_user}",
      "gists_url": "https://api.github.com/users/dallonf/gists{/gist_id}",
      "starred_url": "https://api.github.com/users/dallonf/starred{/owner}{/repo}",
      "subscriptions_url": "https://api.github.com/users/dallonf/subscriptions",
      "organizations_url": "https://api.github.com/users/dallonf/orgs",
      "repos_url": "https://api.github.com/users/dallonf/repos",
      "events_url": "https://api.github.com/users/dallonf/events{/privacy}",
      "received_events_url": "https://api.github.com/users/dallonf/received_events",
      "type": "User",
      "site_admin": false
    },
    "labels": [
      {
        "url": "https://api.github.com/repos/angular/angular.js/labels/type%3A+regression",
        "name": "type: regression",
        "color": "e11d21"
      },
      {
        "url": "https://api.github.com/repos/angular/angular.js/labels/gh%3A+issue",
        "name": "gh: issue",
        "color": "5319e7"
      },
      {
        "url": "https://api.github.com/repos/angular/angular.js/labels/component%3A+ngAnimate",
        "name": "component: ngAnimate",
        "color": "bfdadc"
      }
    ],
    "state": "open",
    "assignee": null,
    "milestone": null,
    "comments": 0,
    "created_at": "2014-01-28T15:39:22Z",
    "updated_at": "2014-01-29T00:26:35Z",
    "closed_at": null,
    "pull_request": {
      "html_url": null,
      "diff_url": null,
      "patch_url": null
    },
    "body": "When ngAnimate is listed as an app's dependency, very basic CSS transitions do not animate. Here's a quick, dead-simple repro: http://plnkr.co/gZiIkxw007m0STgTfm6R\r\n\r\nFiddling with the version numbers, it looks like the issue was introduced in v1.2.6."
  },
  {
    "url": "https://api.github.com/repos/angular/angular.js/issues/6018",
    "labels_url": "https://api.github.com/repos/angular/angular.js/issues/6018/labels{/name}",
    "comments_url": "https://api.github.com/repos/angular/angular.js/issues/6018/comments",
    "events_url": "https://api.github.com/repos/angular/angular.js/issues/6018/events",
    "html_url": "https://github.com/angular/angular.js/pull/6018",
    "id": 26449106,
    "number": 6018,
    "title": "Update dev_guide.e2e-testing.ngdoc",
    "user": {
      "login": "climboid",
      "id": 672364,
      "avatar_url": "https://gravatar.com/avatar/a1130266a98908ee9da24b50e657e709?d=https%3A%2F%2Fidenticons.github.com%2F25131caa932e81735443a4e2de3a40ff.png&r=x",
      "gravatar_id": "a1130266a98908ee9da24b50e657e709",
      "url": "https://api.github.com/users/climboid",
      "html_url": "https://github.com/climboid",
      "followers_url": "https://api.github.com/users/climboid/followers",
      "following_url": "https://api.github.com/users/climboid/following{/other_user}",
      "gists_url": "https://api.github.com/users/climboid/gists{/gist_id}",
      "starred_url": "https://api.github.com/users/climboid/starred{/owner}{/repo}",
      "subscriptions_url": "https://api.github.com/users/climboid/subscriptions",
      "organizations_url": "https://api.github.com/users/climboid/orgs",
      "repos_url": "https://api.github.com/users/climboid/repos",
      "events_url": "https://api.github.com/users/climboid/events{/privacy}",
      "received_events_url": "https://api.github.com/users/climboid/received_events",
      "type": "User",
      "site_admin": false
    },
    "labels": [
      {
        "url": "https://api.github.com/repos/angular/angular.js/labels/cla%3A+yes",
        "name": "cla: yes",
        "color": "bfe5bf"
      }
    ],
    "state": "open",
    "assignee": null,
    "milestone": null,
    "comments": 4,
    "created_at": "2014-01-28T15:29:55Z",
    "updated_at": "2014-01-29T01:14:30Z",
    "closed_at": null,
    "pull_request": {
      "html_url": "https://github.com/angular/angular.js/pull/6018",
      "diff_url": "https://github.com/angular/angular.js/pull/6018.diff",
      "patch_url": "https://github.com/angular/angular.js/pull/6018.patch"
    },
    "body": "All of the documentation belongs to old angular e2e not to protractor. For protractor documentation people need to go to the protractor github page"
  },
  {
    "url": "https://api.github.com/repos/angular/angular.js/issues/6017",
    "labels_url": "https://api.github.com/repos/angular/angular.js/issues/6017/labels{/name}",
    "comments_url": "https://api.github.com/repos/angular/angular.js/issues/6017/comments",
    "events_url": "https://api.github.com/repos/angular/angular.js/issues/6017/events",
    "html_url": "https://github.com/angular/angular.js/issues/6017",
    "id": 26446211,
    "number": 6017,
    "title": "ngSubmit fires form submission on any button without type=\"button\"",
    "user": {
      "login": "parliament718",
      "id": 3580270,
      "avatar_url": "https://gravatar.com/avatar/c3634b01c0b364944e85fc190e795820?d=https%3A%2F%2Fidenticons.github.com%2F9a8baccb86923b4219a531f66f19edf6.png&r=x",
      "gravatar_id": "c3634b01c0b364944e85fc190e795820",
      "url": "https://api.github.com/users/parliament718",
      "html_url": "https://github.com/parliament718",
      "followers_url": "https://api.github.com/users/parliament718/followers",
      "following_url": "https://api.github.com/users/parliament718/following{/other_user}",
      "gists_url": "https://api.github.com/users/parliament718/gists{/gist_id}",
      "starred_url": "https://api.github.com/users/parliament718/starred{/owner}{/repo}",
      "subscriptions_url": "https://api.github.com/users/parliament718/subscriptions",
      "organizations_url": "https://api.github.com/users/parliament718/orgs",
      "repos_url": "https://api.github.com/users/parliament718/repos",
      "events_url": "https://api.github.com/users/parliament718/events{/privacy}",
      "received_events_url": "https://api.github.com/users/parliament718/received_events",
      "type": "User",
      "site_admin": false
    },
    "labels": [],
    "state": "open",
    "assignee": null,
    "milestone": null,
    "comments": 1,
    "created_at": "2014-01-28T14:54:33Z",
    "updated_at": "2014-01-28T21:16:31Z",
    "closed_at": null,
    "pull_request": {
      "html_url": null,
      "diff_url": null,
      "patch_url": null
    },
    "body": "I just ran into an issue where angular was submitting my form twice. \r\n\r\n```\r\n        <div class=\"text-center\">\r\n          <input type=\"submit\" class=\"btn btn-primary\" value=\"Create\" />\r\n          <button class=\"btn btn-primary\" ng-click=\"close()\">Close</button>\r\n        </div>\r\n```\r\n\r\nBoth buttons here submit the form resulting in a double submission. I realize the issue has to to with angular submiting the form on any button that is not type=\"button\". Adding that attribute to the close button fixes it. I don't know if this is intended but it baffled me until i figured it out so deciding to bring attention to it.\r\n\r\n"
  },
  {
    "url": "https://api.github.com/repos/angular/angular.js/issues/6016",
    "labels_url": "https://api.github.com/repos/angular/angular.js/issues/6016/labels{/name}",
    "comments_url": "https://api.github.com/repos/angular/angular.js/issues/6016/comments",
    "events_url": "https://api.github.com/repos/angular/angular.js/issues/6016/events",
    "html_url": "https://github.com/angular/angular.js/pull/6016",
    "id": 26426227,
    "number": 6016,
    "title": "feat(ngRepeat): ngRepeat is now immune to removing or moving its elements without its corresponding comment node",
    "user": {
      "login": "kamilkp",
      "id": 5748846,
      "avatar_url": "https://gravatar.com/avatar/d801abb584c3211d81e807ae298fe52d?d=https%3A%2F%2Fidenticons.github.com%2F7401c83e6ee9379507d154e2f03a3521.png&r=x",
      "gravatar_id": "d801abb584c3211d81e807ae298fe52d",
      "url": "https://api.github.com/users/kamilkp",
      "html_url": "https://github.com/kamilkp",
      "followers_url": "https://api.github.com/users/kamilkp/followers",
      "following_url": "https://api.github.com/users/kamilkp/following{/other_user}",
      "gists_url": "https://api.github.com/users/kamilkp/gists{/gist_id}",
      "starred_url": "https://api.github.com/users/kamilkp/starred{/owner}{/repo}",
      "subscriptions_url": "https://api.github.com/users/kamilkp/subscriptions",
      "organizations_url": "https://api.github.com/users/kamilkp/orgs",
      "repos_url": "https://api.github.com/users/kamilkp/repos",
      "events_url": "https://api.github.com/users/kamilkp/events{/privacy}",
      "received_events_url": "https://api.github.com/users/kamilkp/received_events",
      "type": "User",
      "site_admin": false
    },
    "labels": [
      {
        "url": "https://api.github.com/repos/angular/angular.js/labels/cla%3A+yes",
        "name": "cla: yes",
        "color": "bfe5bf"
      }
    ],
    "state": "open",
    "assignee": null,
    "milestone": null,
    "comments": 0,
    "created_at": "2014-01-28T09:35:01Z",
    "updated_at": "2014-01-28T11:14:07Z",
    "closed_at": null,
    "pull_request": {
      "html_url": "https://github.com/angular/angular.js/pull/6016",
      "diff_url": "https://github.com/angular/angular.js/pull/6016.diff",
      "patch_url": "https://github.com/angular/angular.js/pull/6016.patch"
    },
    "body": "This PR closes issues: #5054, #4954, #5619.\r\n\r\nThe ngRepeatDirective internally checks if one of its elements is being removed/inserted properly (with its corresponding comment element as ngRepeat does) or not. And if not (as sortable functions/directives do) it removes the comment node when needed, and then inserts it when needed and where it's supposed to. Now any sortable directive will work properly (e.g. https://github.com/mostr/angular-ui-multi-sortable or even raw jQuery (multi)sortable)"
  },
  {
    "url": "https://api.github.com/repos/angular/angular.js/issues/6015",
    "labels_url": "https://api.github.com/repos/angular/angular.js/issues/6015/labels{/name}",
    "comments_url": "https://api.github.com/repos/angular/angular.js/issues/6015/comments",
    "events_url": "https://api.github.com/repos/angular/angular.js/issues/6015/events",
    "html_url": "https://github.com/angular/angular.js/issues/6015",
    "id": 26422345,
    "number": 6015,
    "title": "Add default value for method for $http's config or better error message",
    "user": {
      "login": "sgronblo",
      "id": 320449,
      "avatar_url": "https://gravatar.com/avatar/f357c6ead80f1f23ef621e7775810268?d=https%3A%2F%2Fidenticons.github.com%2F657dc49ca7eb7ff7458b4ff0db73b0d3.png&r=x",
      "gravatar_id": "f357c6ead80f1f23ef621e7775810268",
      "url": "https://api.github.com/users/sgronblo",
      "html_url": "https://github.com/sgronblo",
      "followers_url": "https://api.github.com/users/sgronblo/followers",
      "following_url": "https://api.github.com/users/sgronblo/following{/other_user}",
      "gists_url": "https://api.github.com/users/sgronblo/gists{/gist_id}",
      "starred_url": "https://api.github.com/users/sgronblo/starred{/owner}{/repo}",
      "subscriptions_url": "https://api.github.com/users/sgronblo/subscriptions",
      "organizations_url": "https://api.github.com/users/sgronblo/orgs",
      "repos_url": "https://api.github.com/users/sgronblo/repos",
      "events_url": "https://api.github.com/users/sgronblo/events{/privacy}",
      "received_events_url": "https://api.github.com/users/sgronblo/received_events",
      "type": "User",
      "site_admin": false
    },
    "labels": [],
    "state": "open",
    "assignee": null,
    "milestone": null,
    "comments": 1,
    "created_at": "2014-01-28T08:09:10Z",
    "updated_at": "2014-01-28T08:52:30Z",
    "closed_at": null,
    "pull_request": {
      "html_url": null,
      "diff_url": null,
      "patch_url": null
    },
    "body": "I just spent a bit of time trying to figure out why my $http calls just printed `undefined THE_URL` in the console until I figured out that the `method` was set to undefined. I assumed it would be set to something by default. Could you either set it to something by default (GET or POST are both fine, probably GET is safer though) or provide a better error message for when the user has forgotten to specify the method?"
  },
  {
    "url": "https://api.github.com/repos/angular/angular.js/issues/6013",
    "labels_url": "https://api.github.com/repos/angular/angular.js/issues/6013/labels{/name}",
    "comments_url": "https://api.github.com/repos/angular/angular.js/issues/6013/comments",
    "events_url": "https://api.github.com/repos/angular/angular.js/issues/6013/events",
    "html_url": "https://github.com/angular/angular.js/issues/6013",
    "id": 26419074,
    "number": 6013,
    "title": "AngularJs Search functionality is not working when more than one special characters",
    "user": {
      "login": "Jameelm",
      "id": 1740928,
      "avatar_url": "https://gravatar.com/avatar/ed4f0db1ea3270f525f9d03de8b1c045?d=https%3A%2F%2Fidenticons.github.com%2F12f778e14081c3ace87c8e5c0fced278.png&r=x",
      "gravatar_id": "ed4f0db1ea3270f525f9d03de8b1c045",
      "url": "https://api.github.com/users/Jameelm",
      "html_url": "https://github.com/Jameelm",
      "followers_url": "https://api.github.com/users/Jameelm/followers",
      "following_url": "https://api.github.com/users/Jameelm/following{/other_user}",
      "gists_url": "https://api.github.com/users/Jameelm/gists{/gist_id}",
      "starred_url": "https://api.github.com/users/Jameelm/starred{/owner}{/repo}",
      "subscriptions_url": "https://api.github.com/users/Jameelm/subscriptions",
      "organizations_url": "https://api.github.com/users/Jameelm/orgs",
      "repos_url": "https://api.github.com/users/Jameelm/repos",
      "events_url": "https://api.github.com/users/Jameelm/events{/privacy}",
      "received_events_url": "https://api.github.com/users/Jameelm/received_events",
      "type": "User",
      "site_admin": false
    },
    "labels": [],
    "state": "open",
    "assignee": null,
    "milestone": null,
    "comments": 2,
    "created_at": "2014-01-28T06:26:26Z",
    "updated_at": "2014-01-28T09:15:07Z",
    "closed_at": null,
    "pull_request": {
      "html_url": null,
      "diff_url": null,
      "patch_url": null
    },
    "body": "I have implemented Angular Js search functionality in application. When I have enter more than one special characters for example '!@' it will display all the results. How can I resolve this? In your demo site is also not working.http://docs.angularjs.org/api/ng.filter:filter\r\n\r\nsource can find from their site."
  },
  {
    "url": "https://api.github.com/repos/angular/angular.js/issues/6012",
    "labels_url": "https://api.github.com/repos/angular/angular.js/issues/6012/labels{/name}",
    "comments_url": "https://api.github.com/repos/angular/angular.js/issues/6012/comments",
    "events_url": "https://api.github.com/repos/angular/angular.js/issues/6012/events",
    "html_url": "https://github.com/angular/angular.js/pull/6012",
    "id": 26416164,
    "number": 6012,
    "title": "Edited the 'Flushing HTTP requests' section",
    "user": {
      "login": "sflahave",
      "id": 1036645,
      "avatar_url": "https://gravatar.com/avatar/deb74df8a5696a450478f3b04ed7cafa?d=https%3A%2F%2Fidenticons.github.com%2Fe2573f7f1f04d8a9e214fcba8134e341.png&r=x",
      "gravatar_id": "deb74df8a5696a450478f3b04ed7cafa",
      "url": "https://api.github.com/users/sflahave",
      "html_url": "https://github.com/sflahave",
      "followers_url": "https://api.github.com/users/sflahave/followers",
      "following_url": "https://api.github.com/users/sflahave/following{/other_user}",
      "gists_url": "https://api.github.com/users/sflahave/gists{/gist_id}",
      "starred_url": "https://api.github.com/users/sflahave/starred{/owner}{/repo}",
      "subscriptions_url": "https://api.github.com/users/sflahave/subscriptions",
      "organizations_url": "https://api.github.com/users/sflahave/orgs",
      "repos_url": "https://api.github.com/users/sflahave/repos",
      "events_url": "https://api.github.com/users/sflahave/events{/privacy}",
      "received_events_url": "https://api.github.com/users/sflahave/received_events",
      "type": "User",
      "site_admin": false
    },
    "labels": [
      {
        "url": "https://api.github.com/repos/angular/angular.js/labels/cla%3A+yes",
        "name": "cla: yes",
        "color": "bfe5bf"
      }
    ],
    "state": "open",
    "assignee": null,
    "milestone": null,
    "comments": 3,
    "created_at": "2014-01-28T04:36:31Z",
    "updated_at": "2014-01-28T07:14:16Z",
    "closed_at": null,
    "pull_request": {
      "html_url": "https://github.com/angular/angular.js/pull/6012",
      "diff_url": "https://github.com/angular/angular.js/pull/6012.diff",
      "patch_url": "https://github.com/angular/angular.js/pull/6012.patch"
    },
    "body": "Minor grammatical edits in the Flushing HTTP requests section."
  }
]