{"id": 1195004, "name": "angular-seed", "full_name": "angular/angular-seed", "owner": {
  "login": "angular",
  "id": 139426,
  "avatar_url": "https://avatars.githubusercontent.com/u/139426?",
  "gravatar_id": "f0d91e5cf8ad1ce7972cc486baa20c42",
  "url": "https://api.github.com/users/angular",
  "html_url": "https://github.com/angular",
  "followers_url": "https://api.github.com/users/angular/followers",
  "following_url": "https://api.github.com/users/angular/following{/other_user}",
  "gists_url": "https://api.github.com/users/angular/gists{/gist_id}",
  "starred_url": "https://api.github.com/users/angular/starred{/owner}{/repo}",
  "subscriptions_url": "https://api.github.com/users/angular/subscriptions",
  "organizations_url": "https://api.github.com/users/angular/orgs",
  "repos_url": "https://api.github.com/users/angular/repos",
  "events_url": "https://api.github.com/users/angular/events{/privacy}",
  "received_events_url": "https://api.github.com/users/angular/received_events",
  "type": "Organization",
  "site_admin": false
}, "private": false, "html_url": "https://github.com/angular/angular-seed", "description": "Seed project for angular apps. ", "fork": false, "url": "https://api.github.com/repos/angular/angular-seed", "forks_url": "https://api.github.com/repos/angular/angular-seed/forks", "keys_url": "https://api.github.com/repos/angular/angular-seed/keys{/key_id}", "collaborators_url": "https://api.github.com/repos/angular/angular-seed/collaborators{/collaborator}", "teams_url": "https://api.github.com/repos/angular/angular-seed/teams", "hooks_url": "https://api.github.com/repos/angular/angular-seed/hooks", "issue_events_url": "https://api.github.com/repos/angular/angular-seed/issues/events{/number}", "events_url": "https://api.github.com/repos/angular/angular-seed/events", "assignees_url": "https://api.github.com/repos/angular/angular-seed/assignees{/user}", "branches_url": "https://api.github.com/repos/angular/angular-seed/branches{/branch}", "tags_url": "https://api.github.com/repos/angular/angular-seed/tags", "blobs_url": "https://api.github.com/repos/angular/angular-seed/git/blobs{/sha}", "git_tags_url": "https://api.github.com/repos/angular/angular-seed/git/tags{/sha}", "git_refs_url": "https://api.github.com/repos/angular/angular-seed/git/refs{/sha}", "trees_url": "https://api.github.com/repos/angular/angular-seed/git/trees{/sha}", "statuses_url": "https://api.github.com/repos/angular/angular-seed/statuses/{sha}", "languages_url": "https://api.github.com/repos/angular/angular-seed/languages", "stargazers_url": "https://api.github.com/repos/angular/angular-seed/stargazers", "contributors_url": "https://api.github.com/repos/angular/angular-seed/contributors", "subscribers_url": "https://api.github.com/repos/angular/angular-seed/subscribers", "subscription_url": "https://api.github.com/repos/angular/angular-seed/subscription", "commits_url": "https://api.github.com/repos/angular/angular-seed/commits{/sha}", "git_commits_url": "https://api.github.com/repos/angular/angular-seed/git/commits{/sha}", "comments_url": "https://api.github.com/repos/angular/angular-seed/comments{/number}", "issue_comment_url": "https://api.github.com/repos/angular/angular-seed/issues/comments/{number}", "contents_url": "https://api.github.com/repos/angular/angular-seed/contents/{+path}", "compare_url": "https://api.github.com/repos/angular/angular-seed/compare/{base}...{head}", "merges_url": "https://api.github.com/repos/angular/angular-seed/merges", "archive_url": "https://api.github.com/repos/angular/angular-seed/{archive_format}{/ref}", "downloads_url": "https://api.github.com/repos/angular/angular-seed/downloads", "issues_url": "https://api.github.com/repos/angular/angular-seed/issues{/number}", "pulls_url": "https://api.github.com/repos/angular/angular-seed/pulls{/number}", "milestones_url": "https://api.github.com/repos/angular/angular-seed/milestones{/number}", "notifications_url": "https://api.github.com/repos/angular/angular-seed/notifications{?since,all,participating}", "labels_url": "https://api.github.com/repos/angular/angular-seed/labels{/name}", "releases_url": "https://api.github.com/repos/angular/angular-seed/releases{/id}", "created_at": "2010-12-24T06:07:50Z", "updated_at": "2014-06-19T17:47:49Z", "pushed_at": "2014-05-15T20:17:21Z", "git_url": "git://github.com/angular/angular-seed.git", "ssh_url": "git@github.com:angular/angular-seed.git", "clone_url": "https://github.com/angular/angular-seed.git", "svn_url": "https://github.com/angular/angular-seed", "homepage": "http://angularjs.org/", "size": 22342, "stargazers_count": 5394, "watchers_count": 5394, "language": "JavaScript", "has_issues": true, "has_downloads": true, "has_wiki": true, "forks_count": 3213, "mirror_url": null, "open_issues_count": 14, "forks": 3213, "open_issues": 14, "watchers": 5394, "default_branch": "master", "organization": {
  "login": "angular",
  "id": 139426,
  "avatar_url": "https://avatars.githubusercontent.com/u/139426?",
  "gravatar_id": "f0d91e5cf8ad1ce7972cc486baa20c42",
  "url": "https://api.github.com/users/angular",
  "html_url": "https://github.com/angular",
  "followers_url": "https://api.github.com/users/angular/followers",
  "following_url": "https://api.github.com/users/angular/following{/other_user}",
  "gists_url": "https://api.github.com/users/angular/gists{/gist_id}",
  "starred_url": "https://api.github.com/users/angular/starred{/owner}{/repo}",
  "subscriptions_url": "https://api.github.com/users/angular/subscriptions",
  "organizations_url": "https://api.github.com/users/angular/orgs",
  "repos_url": "https://api.github.com/users/angular/repos",
  "events_url": "https://api.github.com/users/angular/events{/privacy}",
  "received_events_url": "https://api.github.com/users/angular/received_events",
  "type": "Organization",
  "site_admin": false
}, "network_count": 3213, "subscribers_count": 478}